id,region_id,region_name,name,classification_hint,official_code,capital,status,verification_status,source_url,retrieved_at,notes
gh-district-ahafo-asunafo-north,gh-region-ahafo,Ahafo,Asunafo North,UNSPECIFIED,,,ACTIVE,SEED_NEEDS_CANONICAL_RECONCILIATION,https://gist.github.com/allanphilipbarku/5de433868407afe6c6a2d35aa5392a2a,2026-08-28,Reference seed; verify official spelling/category/capital/code against GNHR/GSS before canonical publication.
gh-district-ahafo-asunafo-south,gh-region-ahafo,Ahafo,Asunafo South,UNSPECIFIED,,,ACTIVE,SEED_NEEDS_CANONICAL_RECONCILIATION,https://gist.github.com/allanphilipbarku/5de433868407afe6c6a2d35aa5392a2a,2026-08-28,Reference seed; verify official spelling/category/capital/code against GNHR/GSS before canonical publication.
gh-district-ahafo-asutifi-north,gh-region-ahafo,Ahafo,Asutifi North,UNSPECIFIED,,,ACTIVE,SEED_NEEDS_CANONICAL_RECONCILIATION,https://gist.github.com/allanphilipbarku/5de433868407afe6c6a2d35aa5392a2a,2026-08-28,Reference seed; verify official spelling/category/capital/code against GNHR/GSS before canonical publication.
gh-district-ahafo-asutifi-south,gh-region-ahafo,Ahafo,Asutifi South,UNSPECIFIED,,,ACTIVE,SEED_NEEDS_CANONICAL_RECONCILIATION,https://gist.github.com/allanphilipbarku/5de433868407afe6c6a2d35aa5392a2a,2026-08-28,Reference seed; verify official spelling/category/capital/code against GNHR/GSS before canonical publication.
gh-district-ahafo-tano-north,gh-region-ahafo,Ahafo,Tano North,UNSPECIFIED,,,ACTIVE,SEED_NEEDS_CANONICAL_RECONCILIATION,https://gist.github.com/allanphilipbarku/5de433868407afe6c6a2d35aa5392a2a,2026-08-28,Reference seed; verify official spelling/category/capital/code against GNHR/GSS before canonical publication.
gh-district-ahafo-tano-south,gh-region-ahafo,Ahafo,Tano South,UNSPECIFIED,,,ACTIVE,SEED_NEEDS_CANONICAL_RECONCILIATION,https://gist.github.com/allanphilipbarku/5de433868407afe6c6a2d35aa5392a2a,2026-08-28,Reference seed; verify official spelling/category/capital/code against GNHR/GSS before canonical publication.
gh-district-ashanti-adansi-asokwa,gh-region-ashanti,Ashanti,Adansi Asokwa,UNSPECIFIED,,,ACTIVE,SEED_NEEDS_CANONICAL_RECONCILIATION,https://gist.github.com/allanphilipbarku/5de433868407afe6c6a2d35aa5392a2a,2026-08-28,Reference seed; verify official spelling/category/capital/code against GNHR/GSS before canonical publication.
gh-district-ashanti-adansi-north,gh-region-ashanti,Ashanti,Adansi North,UNSPECIFIED,,,ACTIVE,SEED_NEEDS_CANONICAL_RECONCILIATION,https://gist.github.com/allanphilipbarku/5de433868407afe6c6a2d35aa5392a2a,2026-08-28,Reference seed; verify official spelling/category/capital/code against GNHR/GSS before canonical publication.
gh-district-ashanti-adansi-south,gh-region-ashanti,Ashanti,Adansi South,UNSPECIFIED,,,ACTIVE,SEED_NEEDS_CANONICAL_RECONCILIATION,https://gist.github.com/allanphilipbarku/5de433868407afe6c6a2d35aa5392a2a,2026-08-28,Reference seed; verify official spelling/category/capital/code against GNHR/GSS before canonical publication.
gh-district-ashanti-afigya-kwabre-north,gh-region-ashanti,Ashanti,Afigya Kwabre North,UNSPECIFIED,,,ACTIVE,SEED_NEEDS_CANONICAL_RECONCILIATION,https://gist.github.com/allanphilipbarku/5de433868407afe6c6a2d35aa5392a2a,2026-08-28,Reference seed; verify official spelling/category/capital/code against GNHR/GSS before canonical publication.
gh-district-ashanti-afigya-kwabre-south,gh-region-ashanti,Ashanti,Afigya Kwabre South,UNSPECIFIED,,,ACTIVE,SEED_NEEDS_CANONICAL_RECONCILIATION,https://gist.github.com/allanphilipbarku/5de433868407afe6c6a2d35aa5392a2a,2026-08-28,Reference seed; verify official spelling/category/capital/code against GNHR/GSS before canonical publication.
gh-district-ashanti-ahafo-ano-north-municipal,gh-region-ashanti,Ashanti,Ahafo Ano North Municipal,MUNICIPAL,,,ACTIVE,SEED_NEEDS_CANONICAL_RECONCILIATION,https://gist.github.com/allanphilipbarku/5de433868407afe6c6a2d35aa5392a2a,2026-08-28,Reference seed; verify official spelling/category/capital/code against GNHR/GSS before canonical publication.
gh-district-ashanti-ahafo-ano-south-east,gh-region-ashanti,Ashanti,Ahafo Ano South East,UNSPECIFIED,,,ACTIVE,SEED_NEEDS_CANONICAL_RECONCILIATION,https://gist.github.com/allanphilipbarku/5de433868407afe6c6a2d35aa5392a2a,2026-08-28,Reference seed; verify official spelling/category/capital/code against GNHR/GSS before canonical publication.
gh-district-ashanti-ahafo-ano-south-west,gh-region-ashanti,Ashanti,Ahafo Ano South West,UNSPECIFIED,,,ACTIVE,SEED_NEEDS_CANONICAL_RECONCILIATION,https://gist.github.com/allanphilipbarku/5de433868407afe6c6a2d35aa5392a2a,2026-08-28,Reference seed; verify official spelling/category/capital/code against GNHR/GSS before canonical publication.
gh-district-ashanti-akrofuom,gh-region-ashanti,Ashanti,Akrofuom,UNSPECIFIED,,,ACTIVE,SEED_NEEDS_CANONICAL_RECONCILIATION,https://gist.github.com/allanphilipbarku/5de433868407afe6c6a2d35aa5392a2a,2026-08-28,Reference seed; verify official spelling/category/capital/code against GNHR/GSS before canonical publication.
gh-district-ashanti-amansie-central,gh-region-ashanti,Ashanti,Amansie Central,UNSPECIFIED,,,ACTIVE,SEED_NEEDS_CANONICAL_RECONCILIATION,https://gist.github.com/allanphilipbarku/5de433868407afe6c6a2d35aa5392a2a,2026-08-28,Reference seed; verify official spelling/category/capital/code against GNHR/GSS before canonical publication.
gh-district-ashanti-amansie-west,gh-region-ashanti,Ashanti,Amansie West,UNSPECIFIED,,,ACTIVE,SEED_NEEDS_CANONICAL_RECONCILIATION,https://gist.github.com/allanphilipbarku/5de433868407afe6c6a2d35aa5392a2a,2026-08-28,Reference seed; verify official spelling/category/capital/code against GNHR/GSS before canonical publication.
gh-district-ashanti-amansie-south,gh-region-ashanti,Ashanti,Amansie South,UNSPECIFIED,,,ACTIVE,SEED_NEEDS_CANONICAL_RECONCILIATION,https://gist.github.com/allanphilipbarku/5de433868407afe6c6a2d35aa5392a2a,2026-08-28,Reference seed; verify official spelling/category/capital/code against GNHR/GSS before canonical publication.
gh-district-ashanti-asante-akim-central-municipal,gh-region-ashanti,Ashanti,Asante Akim Central Municipal,MUNICIPAL,,,ACTIVE,SEED_NEEDS_CANONICAL_RECONCILIATION,https://gist.github.com/allanphilipbarku/5de433868407afe6c6a2d35aa5392a2a,2026-08-28,Reference seed; verify official spelling/category/capital/code against GNHR/GSS before canonical publication.
gh-district-ashanti-asante-akim-north,gh-region-ashanti,Ashanti,Asante Akim North,UNSPECIFIED,,,ACTIVE,SEED_NEEDS_CANONICAL_RECONCILIATION,https://gist.github.com/allanphilipbarku/5de433868407afe6c6a2d35aa5392a2a,2026-08-28,Reference seed; verify official spelling/category/capital/code against GNHR/GSS before canonical publication.
gh-district-ashanti-asante-akim-south-municipal,gh-region-ashanti,Ashanti,Asante Akim South Municipal,MUNICIPAL,,,ACTIVE,SEED_NEEDS_CANONICAL_RECONCILIATION,https://gist.github.com/allanphilipbarku/5de433868407afe6c6a2d35aa5392a2a,2026-08-28,Reference seed; verify official spelling/category/capital/code against GNHR/GSS before canonical publication.
gh-district-ashanti-asokore-mampong,gh-region-ashanti,Ashanti,Asokore Mampong,UNSPECIFIED,,,ACTIVE,SEED_NEEDS_CANONICAL_RECONCILIATION,https://gist.github.com/allanphilipbarku/5de433868407afe6c6a2d35aa5392a2a,2026-08-28,Reference seed; verify official spelling/category/capital/code against GNHR/GSS before canonical publication.
gh-district-ashanti-asokwa-municipal,gh-region-ashanti,Ashanti,Asokwa Municipal,MUNICIPAL,,,ACTIVE,SEED_NEEDS_CANONICAL_RECONCILIATION,https://gist.github.com/allanphilipbarku/5de433868407afe6c6a2d35aa5392a2a,2026-08-28,Reference seed; verify official spelling/category/capital/code against GNHR/GSS before canonical publication.
gh-district-ashanti-atwima-kwanwoma,gh-region-ashanti,Ashanti,Atwima Kwanwoma,UNSPECIFIED,,,ACTIVE,SEED_NEEDS_CANONICAL_RECONCILIATION,https://gist.github.com/allanphilipbarku/5de433868407afe6c6a2d35aa5392a2a,2026-08-28,Reference seed; verify official spelling/category/capital/code against GNHR/GSS before canonical publication.
gh-district-ashanti-atwima-mponua,gh-region-ashanti,Ashanti,Atwima Mponua,UNSPECIFIED,,,ACTIVE,SEED_NEEDS_CANONICAL_RECONCILIATION,https://gist.github.com/allanphilipbarku/5de433868407afe6c6a2d35aa5392a2a,2026-08-28,Reference seed; verify official spelling/category/capital/code against GNHR/GSS before canonical publication.
gh-district-ashanti-atwima-nwabiagya-municipal,gh-region-ashanti,Ashanti,Atwima Nwabiagya Municipal,MUNICIPAL,,,ACTIVE,SEED_NEEDS_CANONICAL_RECONCILIATION,https://gist.github.com/allanphilipbarku/5de433868407afe6c6a2d35aa5392a2a,2026-08-28,Reference seed; verify official spelling/category/capital/code against GNHR/GSS before canonical publication.
gh-district-ashanti-atwima-nwabiagya-north,gh-region-ashanti,Ashanti,Atwima Nwabiagya North,UNSPECIFIED,,,ACTIVE,SEED_NEEDS_CANONICAL_RECONCILIATION,https://gist.github.com/allanphilipbarku/5de433868407afe6c6a2d35aa5392a2a,2026-08-28,Reference seed; verify official spelling/category/capital/code against GNHR/GSS before canonical publication.
gh-district-ashanti-bekwai-municipal,gh-region-ashanti,Ashanti,Bekwai Municipal,MUNICIPAL,,,ACTIVE,SEED_NEEDS_CANONICAL_RECONCILIATION,https://gist.github.com/allanphilipbarku/5de433868407afe6c6a2d35aa5392a2a,2026-08-28,Reference seed; verify official spelling/category/capital/code against GNHR/GSS before canonical publication.
gh-district-ashanti-bosome-freho,gh-region-ashanti,Ashanti,Bosome Freho,UNSPECIFIED,,,ACTIVE,SEED_NEEDS_CANONICAL_RECONCILIATION,https://gist.github.com/allanphilipbarku/5de433868407afe6c6a2d35aa5392a2a,2026-08-28,Reference seed; verify official spelling/category/capital/code against GNHR/GSS before canonical publication.
gh-district-ashanti-bosomtwe,gh-region-ashanti,Ashanti,Bosomtwe,UNSPECIFIED,,,ACTIVE,SEED_NEEDS_CANONICAL_RECONCILIATION,https://gist.github.com/allanphilipbarku/5de433868407afe6c6a2d35aa5392a2a,2026-08-28,Reference seed; verify official spelling/category/capital/code against GNHR/GSS before canonical publication.
gh-district-ashanti-ejisu-municipal,gh-region-ashanti,Ashanti,Ejisu Municipal,MUNICIPAL,,,ACTIVE,SEED_NEEDS_CANONICAL_RECONCILIATION,https://gist.github.com/allanphilipbarku/5de433868407afe6c6a2d35aa5392a2a,2026-08-28,Reference seed; verify official spelling/category/capital/code against GNHR/GSS before canonical publication.
gh-district-ashanti-ejura-sekyedumase-municipal,gh-region-ashanti,Ashanti,Ejura Sekyedumase Municipal,MUNICIPAL,,,ACTIVE,SEED_NEEDS_CANONICAL_RECONCILIATION,https://gist.github.com/allanphilipbarku/5de433868407afe6c6a2d35aa5392a2a,2026-08-28,Reference seed; verify official spelling/category/capital/code against GNHR/GSS before canonical publication.
gh-district-ashanti-juaben-municipal,gh-region-ashanti,Ashanti,Juaben Municipal,MUNICIPAL,,,ACTIVE,SEED_NEEDS_CANONICAL_RECONCILIATION,https://gist.github.com/allanphilipbarku/5de433868407afe6c6a2d35aa5392a2a,2026-08-28,Reference seed; verify official spelling/category/capital/code against GNHR/GSS before canonical publication.
gh-district-ashanti-kumasi-metropolitan,gh-region-ashanti,Ashanti,Kumasi Metropolitan,METROPOLITAN,,,ACTIVE,SEED_NEEDS_CANONICAL_RECONCILIATION,https://gist.github.com/allanphilipbarku/5de433868407afe6c6a2d35aa5392a2a,2026-08-28,Reference seed; verify official spelling/category/capital/code against GNHR/GSS before canonical publication.
gh-district-ashanti-kwabre-east-municipal,gh-region-ashanti,Ashanti,Kwabre East Municipal,MUNICIPAL,,,ACTIVE,SEED_NEEDS_CANONICAL_RECONCILIATION,https://gist.github.com/allanphilipbarku/5de433868407afe6c6a2d35aa5392a2a,2026-08-28,Reference seed; verify official spelling/category/capital/code against GNHR/GSS before canonical publication.
gh-district-ashanti-kwadaso-municipal,gh-region-ashanti,Ashanti,Kwadaso Municipal,MUNICIPAL,,,ACTIVE,SEED_NEEDS_CANONICAL_RECONCILIATION,https://gist.github.com/allanphilipbarku/5de433868407afe6c6a2d35aa5392a2a,2026-08-28,Reference seed; verify official spelling/category/capital/code against GNHR/GSS before canonical publication.
gh-district-ashanti-mampong-municipal,gh-region-ashanti,Ashanti,Mampong Municipal,MUNICIPAL,,,ACTIVE,SEED_NEEDS_CANONICAL_RECONCILIATION,https://gist.github.com/allanphilipbarku/5de433868407afe6c6a2d35aa5392a2a,2026-08-28,Reference seed; verify official spelling/category/capital/code against GNHR/GSS before canonical publication.
gh-district-ashanti-obuasi-east-municipal,gh-region-ashanti,Ashanti,Obuasi East Municipal,MUNICIPAL,,,ACTIVE,SEED_NEEDS_CANONICAL_RECONCILIATION,https://gist.github.com/allanphilipbarku/5de433868407afe6c6a2d35aa5392a2a,2026-08-28,Reference seed; verify official spelling/category/capital/code against GNHR/GSS before canonical publication.
gh-district-ashanti-obuasi-municipal,gh-region-ashanti,Ashanti,Obuasi Municipal,MUNICIPAL,,,ACTIVE,SEED_NEEDS_CANONICAL_RECONCILIATION,https://gist.github.com/allanphilipbarku/5de433868407afe6c6a2d35aa5392a2a,2026-08-28,Reference seed; verify official spelling/category/capital/code against GNHR/GSS before canonical publication.
gh-district-ashanti-offinso-municipal,gh-region-ashanti,Ashanti,Offinso Municipal,MUNICIPAL,,,ACTIVE,SEED_NEEDS_CANONICAL_RECONCILIATION,https://gist.github.com/allanphilipbarku/5de433868407afe6c6a2d35aa5392a2a,2026-08-28,Reference seed; verify official spelling/category/capital/code against GNHR/GSS before canonical publication.
gh-district-ashanti-offinso-north,gh-region-ashanti,Ashanti,Offinso North,UNSPECIFIED,,,ACTIVE,SEED_NEEDS_CANONICAL_RECONCILIATION,https://gist.github.com/allanphilipbarku/5de433868407afe6c6a2d35aa5392a2a,2026-08-28,Reference seed; verify official spelling/category/capital/code against GNHR/GSS before canonical publication.
gh-district-ashanti-oforikrom-municipal,gh-region-ashanti,Ashanti,Oforikrom Municipal,MUNICIPAL,,,ACTIVE,SEED_NEEDS_CANONICAL_RECONCILIATION,https://gist.github.com/allanphilipbarku/5de433868407afe6c6a2d35aa5392a2a,2026-08-28,Reference seed; verify official spelling/category/capital/code against GNHR/GSS before canonical publication.
gh-district-ashanti-old-tafo-municipal,gh-region-ashanti,Ashanti,Old Tafo Municipal,MUNICIPAL,,,ACTIVE,SEED_NEEDS_CANONICAL_RECONCILIATION,https://gist.github.com/allanphilipbarku/5de433868407afe6c6a2d35aa5392a2a,2026-08-28,Reference seed; verify official spelling/category/capital/code against GNHR/GSS before canonical publication.
gh-district-ashanti-sekyere-afram-plains,gh-region-ashanti,Ashanti,Sekyere Afram Plains,UNSPECIFIED,,,ACTIVE,SEED_NEEDS_CANONICAL_RECONCILIATION,https://gist.github.com/allanphilipbarku/5de433868407afe6c6a2d35aa5392a2a,2026-08-28,Reference seed; verify official spelling/category/capital/code against GNHR/GSS before canonical publication.
gh-district-ashanti-sekyere-central,gh-region-ashanti,Ashanti,Sekyere Central,UNSPECIFIED,,,ACTIVE,SEED_NEEDS_CANONICAL_RECONCILIATION,https://gist.github.com/allanphilipbarku/5de433868407afe6c6a2d35aa5392a2a,2026-08-28,Reference seed; verify official spelling/category/capital/code against GNHR/GSS before canonical publication.
gh-district-ashanti-sekyere-east,gh-region-ashanti,Ashanti,Sekyere East,UNSPECIFIED,,,ACTIVE,SEED_NEEDS_CANONICAL_RECONCILIATION,https://gist.github.com/allanphilipbarku/5de433868407afe6c6a2d35aa5392a2a,2026-08-28,Reference seed; verify official spelling/category/capital/code against GNHR/GSS before canonical publication.
gh-district-ashanti-sekyere-kumawu,gh-region-ashanti,Ashanti,Sekyere Kumawu,UNSPECIFIED,,,ACTIVE,SEED_NEEDS_CANONICAL_RECONCILIATION,https://gist.github.com/allanphilipbarku/5de433868407afe6c6a2d35aa5392a2a,2026-08-28,Reference seed; verify official spelling/category/capital/code against GNHR/GSS before canonical publication.
gh-district-ashanti-sekyere-south,gh-region-ashanti,Ashanti,Sekyere South,UNSPECIFIED,,,ACTIVE,SEED_NEEDS_CANONICAL_RECONCILIATION,https://gist.github.com/allanphilipbarku/5de433868407afe6c6a2d35aa5392a2a,2026-08-28,Reference seed; verify official spelling/category/capital/code against GNHR/GSS before canonical publication.
gh-district-ashanti-suame-municipal,gh-region-ashanti,Ashanti,Suame Municipal,MUNICIPAL,,,ACTIVE,SEED_NEEDS_CANONICAL_RECONCILIATION,https://gist.github.com/allanphilipbarku/5de433868407afe6c6a2d35aa5392a2a,2026-08-28,Reference seed; verify official spelling/category/capital/code against GNHR/GSS before canonical publication.
gh-district-bono-banda,gh-region-bono,Bono,Banda,UNSPECIFIED,,,ACTIVE,SEED_NEEDS_CANONICAL_RECONCILIATION,https://gist.github.com/allanphilipbarku/5de433868407afe6c6a2d35aa5392a2a,2026-08-28,Reference seed; verify official spelling/category/capital/code against GNHR/GSS before canonical publication.
gh-district-bono-berekum-east,gh-region-bono,Bono,Berekum East,UNSPECIFIED,,,ACTIVE,SEED_NEEDS_CANONICAL_RECONCILIATION,https://gist.github.com/allanphilipbarku/5de433868407afe6c6a2d35aa5392a2a,2026-08-28,Reference seed; verify official spelling/category/capital/code against GNHR/GSS before canonical publication.
gh-district-bono-berekum-west,gh-region-bono,Bono,Berekum West,UNSPECIFIED,,,ACTIVE,SEED_NEEDS_CANONICAL_RECONCILIATION,https://gist.github.com/allanphilipbarku/5de433868407afe6c6a2d35aa5392a2a,2026-08-28,Reference seed; verify official spelling/category/capital/code against GNHR/GSS before canonical publication.
gh-district-bono-dormaa-central,gh-region-bono,Bono,Dormaa Central,UNSPECIFIED,,,ACTIVE,SEED_NEEDS_CANONICAL_RECONCILIATION,https://gist.github.com/allanphilipbarku/5de433868407afe6c6a2d35aa5392a2a,2026-08-28,Reference seed; verify official spelling/category/capital/code against GNHR/GSS before canonical publication.
gh-district-bono-dormaa-east,gh-region-bono,Bono,Dormaa East,UNSPECIFIED,,,ACTIVE,SEED_NEEDS_CANONICAL_RECONCILIATION,https://gist.github.com/allanphilipbarku/5de433868407afe6c6a2d35aa5392a2a,2026-08-28,Reference seed; verify official spelling/category/capital/code against GNHR/GSS before canonical publication.
gh-district-bono-dormaa-west,gh-region-bono,Bono,Dormaa West,UNSPECIFIED,,,ACTIVE,SEED_NEEDS_CANONICAL_RECONCILIATION,https://gist.github.com/allanphilipbarku/5de433868407afe6c6a2d35aa5392a2a,2026-08-28,Reference seed; verify official spelling/category/capital/code against GNHR/GSS before canonical publication.
gh-district-bono-jaman-north,gh-region-bono,Bono,Jaman North,UNSPECIFIED,,,ACTIVE,SEED_NEEDS_CANONICAL_RECONCILIATION,https://gist.github.com/allanphilipbarku/5de433868407afe6c6a2d35aa5392a2a,2026-08-28,Reference seed; verify official spelling/category/capital/code against GNHR/GSS before canonical publication.
gh-district-bono-jaman-south,gh-region-bono,Bono,Jaman South,UNSPECIFIED,,,ACTIVE,SEED_NEEDS_CANONICAL_RECONCILIATION,https://gist.github.com/allanphilipbarku/5de433868407afe6c6a2d35aa5392a2a,2026-08-28,Reference seed; verify official spelling/category/capital/code against GNHR/GSS before canonical publication.
gh-district-bono-sunyani,gh-region-bono,Bono,Sunyani,UNSPECIFIED,,,ACTIVE,SEED_NEEDS_CANONICAL_RECONCILIATION,https://gist.github.com/allanphilipbarku/5de433868407afe6c6a2d35aa5392a2a,2026-08-28,Reference seed; verify official spelling/category/capital/code against GNHR/GSS before canonical publication.
gh-district-bono-sunyani-west,gh-region-bono,Bono,Sunyani West,UNSPECIFIED,,,ACTIVE,SEED_NEEDS_CANONICAL_RECONCILIATION,https://gist.github.com/allanphilipbarku/5de433868407afe6c6a2d35aa5392a2a,2026-08-28,Reference seed; verify official spelling/category/capital/code against GNHR/GSS before canonical publication.
gh-district-bono-tain,gh-region-bono,Bono,Tain,UNSPECIFIED,,,ACTIVE,SEED_NEEDS_CANONICAL_RECONCILIATION,https://gist.github.com/allanphilipbarku/5de433868407afe6c6a2d35aa5392a2a,2026-08-28,Reference seed; verify official spelling/category/capital/code against GNHR/GSS before canonical publication.
gh-district-bono-wenchi,gh-region-bono,Bono,Wenchi,UNSPECIFIED,,,ACTIVE,SEED_NEEDS_CANONICAL_RECONCILIATION,https://gist.github.com/allanphilipbarku/5de433868407afe6c6a2d35aa5392a2a,2026-08-28,Reference seed; verify official spelling/category/capital/code against GNHR/GSS before canonical publication.
gh-district-bono-east-atebubu-amanten,gh-region-bono-east,Bono East,Atebubu-Amanten,UNSPECIFIED,,,ACTIVE,SEED_NEEDS_CANONICAL_RECONCILIATION,https://gist.github.com/allanphilipbarku/5de433868407afe6c6a2d35aa5392a2a,2026-08-28,Reference seed; verify official spelling/category/capital/code against GNHR/GSS before canonical publication.
gh-district-bono-east-kintampo-north,gh-region-bono-east,Bono East,Kintampo North,UNSPECIFIED,,,ACTIVE,SEED_NEEDS_CANONICAL_RECONCILIATION,https://gist.github.com/allanphilipbarku/5de433868407afe6c6a2d35aa5392a2a,2026-08-28,Reference seed; verify official spelling/category/capital/code against GNHR/GSS before canonical publication.
gh-district-bono-east-kintampo-south,gh-region-bono-east,Bono East,Kintampo South,UNSPECIFIED,,,ACTIVE,SEED_NEEDS_CANONICAL_RECONCILIATION,https://gist.github.com/allanphilipbarku/5de433868407afe6c6a2d35aa5392a2a,2026-08-28,Reference seed; verify official spelling/category/capital/code against GNHR/GSS before canonical publication.
gh-district-bono-east-nkoranza-north,gh-region-bono-east,Bono East,Nkoranza North,UNSPECIFIED,,,ACTIVE,SEED_NEEDS_CANONICAL_RECONCILIATION,https://gist.github.com/allanphilipbarku/5de433868407afe6c6a2d35aa5392a2a,2026-08-28,Reference seed; verify official spelling/category/capital/code against GNHR/GSS before canonical publication.
gh-district-bono-east-nkoranza-south,gh-region-bono-east,Bono East,Nkoranza South,UNSPECIFIED,,,ACTIVE,SEED_NEEDS_CANONICAL_RECONCILIATION,https://gist.github.com/allanphilipbarku/5de433868407afe6c6a2d35aa5392a2a,2026-08-28,Reference seed; verify official spelling/category/capital/code against GNHR/GSS before canonical publication.
gh-district-bono-east-pru-east,gh-region-bono-east,Bono East,Pru East,UNSPECIFIED,,,ACTIVE,SEED_NEEDS_CANONICAL_RECONCILIATION,https://gist.github.com/allanphilipbarku/5de433868407afe6c6a2d35aa5392a2a,2026-08-28,Reference seed; verify official spelling/category/capital/code against GNHR/GSS before canonical publication.
gh-district-bono-east-pru-west,gh-region-bono-east,Bono East,Pru West,UNSPECIFIED,,,ACTIVE,SEED_NEEDS_CANONICAL_RECONCILIATION,https://gist.github.com/allanphilipbarku/5de433868407afe6c6a2d35aa5392a2a,2026-08-28,Reference seed; verify official spelling/category/capital/code against GNHR/GSS before canonical publication.
gh-district-bono-east-sene-east,gh-region-bono-east,Bono East,Sene East,UNSPECIFIED,,,ACTIVE,SEED_NEEDS_CANONICAL_RECONCILIATION,https://gist.github.com/allanphilipbarku/5de433868407afe6c6a2d35aa5392a2a,2026-08-28,Reference seed; verify official spelling/category/capital/code against GNHR/GSS before canonical publication.
gh-district-bono-east-sene-west,gh-region-bono-east,Bono East,Sene West,UNSPECIFIED,,,ACTIVE,SEED_NEEDS_CANONICAL_RECONCILIATION,https://gist.github.com/allanphilipbarku/5de433868407afe6c6a2d35aa5392a2a,2026-08-28,Reference seed; verify official spelling/category/capital/code against GNHR/GSS before canonical publication.
gh-district-bono-east-techiman,gh-region-bono-east,Bono East,Techiman,UNSPECIFIED,,,ACTIVE,SEED_NEEDS_CANONICAL_RECONCILIATION,https://gist.github.com/allanphilipbarku/5de433868407afe6c6a2d35aa5392a2a,2026-08-28,Reference seed; verify official spelling/category/capital/code against GNHR/GSS before canonical publication.
gh-district-bono-east-techiman-north,gh-region-bono-east,Bono East,Techiman North,UNSPECIFIED,,,ACTIVE,SEED_NEEDS_CANONICAL_RECONCILIATION,https://gist.github.com/allanphilipbarku/5de433868407afe6c6a2d35aa5392a2a,2026-08-28,Reference seed; verify official spelling/category/capital/code against GNHR/GSS before canonical publication.
gh-district-central-abura-asebu-kwamankese,gh-region-central,Central,Abura Asebu Kwamankese,UNSPECIFIED,,,ACTIVE,SEED_NEEDS_CANONICAL_RECONCILIATION,https://gist.github.com/allanphilipbarku/5de433868407afe6c6a2d35aa5392a2a,2026-08-28,Reference seed; verify official spelling/category/capital/code against GNHR/GSS before canonical publication.
gh-district-central-agona-east,gh-region-central,Central,Agona East,UNSPECIFIED,,,ACTIVE,SEED_NEEDS_CANONICAL_RECONCILIATION,https://gist.github.com/allanphilipbarku/5de433868407afe6c6a2d35aa5392a2a,2026-08-28,Reference seed; verify official spelling/category/capital/code against GNHR/GSS before canonical publication.
gh-district-central-agona-west-municipal,gh-region-central,Central,Agona West Municipal,MUNICIPAL,,,ACTIVE,SEED_NEEDS_CANONICAL_RECONCILIATION,https://gist.github.com/allanphilipbarku/5de433868407afe6c6a2d35aa5392a2a,2026-08-28,Reference seed; verify official spelling/category/capital/code against GNHR/GSS before canonical publication.
gh-district-central-ajumako-enyan-essiam,gh-region-central,Central,Ajumako Enyan Essiam,UNSPECIFIED,,,ACTIVE,SEED_NEEDS_CANONICAL_RECONCILIATION,https://gist.github.com/allanphilipbarku/5de433868407afe6c6a2d35aa5392a2a,2026-08-28,Reference seed; verify official spelling/category/capital/code against GNHR/GSS before canonical publication.
gh-district-central-asikuma-odoben-brakwa,gh-region-central,Central,Asikuma Odoben Brakwa,UNSPECIFIED,,,ACTIVE,SEED_NEEDS_CANONICAL_RECONCILIATION,https://gist.github.com/allanphilipbarku/5de433868407afe6c6a2d35aa5392a2a,2026-08-28,Reference seed; verify official spelling/category/capital/code against GNHR/GSS before canonical publication.
gh-district-central-assin-central-municipal,gh-region-central,Central,Assin Central Municipal,MUNICIPAL,,,ACTIVE,SEED_NEEDS_CANONICAL_RECONCILIATION,https://gist.github.com/allanphilipbarku/5de433868407afe6c6a2d35aa5392a2a,2026-08-28,Reference seed; verify official spelling/category/capital/code against GNHR/GSS before canonical publication.
gh-district-central-assin-north,gh-region-central,Central,Assin North,UNSPECIFIED,,,ACTIVE,SEED_NEEDS_CANONICAL_RECONCILIATION,https://gist.github.com/allanphilipbarku/5de433868407afe6c6a2d35aa5392a2a,2026-08-28,Reference seed; verify official spelling/category/capital/code against GNHR/GSS before canonical publication.
gh-district-central-assin-south,gh-region-central,Central,Assin South,UNSPECIFIED,,,ACTIVE,SEED_NEEDS_CANONICAL_RECONCILIATION,https://gist.github.com/allanphilipbarku/5de433868407afe6c6a2d35aa5392a2a,2026-08-28,Reference seed; verify official spelling/category/capital/code against GNHR/GSS before canonical publication.
gh-district-central-awutu-senya-east-municipal,gh-region-central,Central,Awutu Senya East Municipal,MUNICIPAL,,,ACTIVE,SEED_NEEDS_CANONICAL_RECONCILIATION,https://gist.github.com/allanphilipbarku/5de433868407afe6c6a2d35aa5392a2a,2026-08-28,Reference seed; verify official spelling/category/capital/code against GNHR/GSS before canonical publication.
gh-district-central-awutu-senya-west,gh-region-central,Central,Awutu Senya West,UNSPECIFIED,,,ACTIVE,SEED_NEEDS_CANONICAL_RECONCILIATION,https://gist.github.com/allanphilipbarku/5de433868407afe6c6a2d35aa5392a2a,2026-08-28,Reference seed; verify official spelling/category/capital/code against GNHR/GSS before canonical publication.
gh-district-central-cape-coast-metropolitan,gh-region-central,Central,Cape Coast Metropolitan,METROPOLITAN,,,ACTIVE,SEED_NEEDS_CANONICAL_RECONCILIATION,https://gist.github.com/allanphilipbarku/5de433868407afe6c6a2d35aa5392a2a,2026-08-28,Reference seed; verify official spelling/category/capital/code against GNHR/GSS before canonical publication.
gh-district-central-effutu-municipal,gh-region-central,Central,Effutu Municipal,MUNICIPAL,,,ACTIVE,SEED_NEEDS_CANONICAL_RECONCILIATION,https://gist.github.com/allanphilipbarku/5de433868407afe6c6a2d35aa5392a2a,2026-08-28,Reference seed; verify official spelling/category/capital/code against GNHR/GSS before canonical publication.
gh-district-central-ekumfi,gh-region-central,Central,Ekumfi,UNSPECIFIED,,,ACTIVE,SEED_NEEDS_CANONICAL_RECONCILIATION,https://gist.github.com/allanphilipbarku/5de433868407afe6c6a2d35aa5392a2a,2026-08-28,Reference seed; verify official spelling/category/capital/code against GNHR/GSS before canonical publication.
gh-district-central-gomoa-east,gh-region-central,Central,Gomoa East,UNSPECIFIED,,,ACTIVE,SEED_NEEDS_CANONICAL_RECONCILIATION,https://gist.github.com/allanphilipbarku/5de433868407afe6c6a2d35aa5392a2a,2026-08-28,Reference seed; verify official spelling/category/capital/code against GNHR/GSS before canonical publication.
gh-district-central-gomoa-central,gh-region-central,Central,Gomoa Central,UNSPECIFIED,,,ACTIVE,SEED_NEEDS_CANONICAL_RECONCILIATION,https://gist.github.com/allanphilipbarku/5de433868407afe6c6a2d35aa5392a2a,2026-08-28,Reference seed; verify official spelling/category/capital/code against GNHR/GSS before canonical publication.
gh-district-central-gomoa-west,gh-region-central,Central,Gomoa West,UNSPECIFIED,,,ACTIVE,SEED_NEEDS_CANONICAL_RECONCILIATION,https://gist.github.com/allanphilipbarku/5de433868407afe6c6a2d35aa5392a2a,2026-08-28,Reference seed; verify official spelling/category/capital/code against GNHR/GSS before canonical publication.
gh-district-central-komenda-edina-eguafo-abirem-municipal,gh-region-central,Central,Komenda-Edina-Eguafo-Abirem Municipal,MUNICIPAL,,,ACTIVE,SEED_NEEDS_CANONICAL_RECONCILIATION,https://gist.github.com/allanphilipbarku/5de433868407afe6c6a2d35aa5392a2a,2026-08-28,Reference seed; verify official spelling/category/capital/code against GNHR/GSS before canonical publication.
gh-district-central-mfantsiman-municipal,gh-region-central,Central,Mfantsiman Municipal,MUNICIPAL,,,ACTIVE,SEED_NEEDS_CANONICAL_RECONCILIATION,https://gist.github.com/allanphilipbarku/5de433868407afe6c6a2d35aa5392a2a,2026-08-28,Reference seed; verify official spelling/category/capital/code against GNHR/GSS before canonical publication.
gh-district-central-twifo-atti-morkwa,gh-region-central,Central,Twifo Atti Morkwa,UNSPECIFIED,,,ACTIVE,SEED_NEEDS_CANONICAL_RECONCILIATION,https://gist.github.com/allanphilipbarku/5de433868407afe6c6a2d35aa5392a2a,2026-08-28,Reference seed; verify official spelling/category/capital/code against GNHR/GSS before canonical publication.
gh-district-central-twifo-heman-lower-denkyira,gh-region-central,Central,Twifo/Heman/Lower Denkyira,UNSPECIFIED,,,ACTIVE,SEED_NEEDS_CANONICAL_RECONCILIATION,https://gist.github.com/allanphilipbarku/5de433868407afe6c6a2d35aa5392a2a,2026-08-28,Reference seed; verify official spelling/category/capital/code against GNHR/GSS before canonical publication.
gh-district-central-upper-denkyira-east-municipal,gh-region-central,Central,Upper Denkyira East Municipal,MUNICIPAL,,,ACTIVE,SEED_NEEDS_CANONICAL_RECONCILIATION,https://gist.github.com/allanphilipbarku/5de433868407afe6c6a2d35aa5392a2a,2026-08-28,Reference seed; verify official spelling/category/capital/code against GNHR/GSS before canonical publication.
gh-district-central-upper-denkyira-west,gh-region-central,Central,Upper Denkyira West,UNSPECIFIED,,,ACTIVE,SEED_NEEDS_CANONICAL_RECONCILIATION,https://gist.github.com/allanphilipbarku/5de433868407afe6c6a2d35aa5392a2a,2026-08-28,Reference seed; verify official spelling/category/capital/code against GNHR/GSS before canonical publication.
gh-district-eastern-abuakwa-north-municipal,gh-region-eastern,Eastern,Abuakwa North Municipal,MUNICIPAL,,,ACTIVE,SEED_NEEDS_CANONICAL_RECONCILIATION,https://gist.github.com/allanphilipbarku/5de433868407afe6c6a2d35aa5392a2a,2026-08-28,Reference seed; verify official spelling/category/capital/code against GNHR/GSS before canonical publication.
gh-district-eastern-abuakwa-south-municipal,gh-region-eastern,Eastern,Abuakwa South Municipal,MUNICIPAL,,,ACTIVE,SEED_NEEDS_CANONICAL_RECONCILIATION,https://gist.github.com/allanphilipbarku/5de433868407afe6c6a2d35aa5392a2a,2026-08-28,Reference seed; verify official spelling/category/capital/code against GNHR/GSS before canonical publication.
gh-district-eastern-achiase,gh-region-eastern,Eastern,Achiase,UNSPECIFIED,,,ACTIVE,SEED_NEEDS_CANONICAL_RECONCILIATION,https://gist.github.com/allanphilipbarku/5de433868407afe6c6a2d35aa5392a2a,2026-08-28,Reference seed; verify official spelling/category/capital/code against GNHR/GSS before canonical publication.
gh-district-eastern-akuapim-north-municipal,gh-region-eastern,Eastern,Akuapim North Municipal,MUNICIPAL,,,ACTIVE,SEED_NEEDS_CANONICAL_RECONCILIATION,https://gist.github.com/allanphilipbarku/5de433868407afe6c6a2d35aa5392a2a,2026-08-28,Reference seed; verify official spelling/category/capital/code against GNHR/GSS before canonical publication.
gh-district-eastern-akuapim-south,gh-region-eastern,Eastern,Akuapim South,UNSPECIFIED,,,ACTIVE,SEED_NEEDS_CANONICAL_RECONCILIATION,https://gist.github.com/allanphilipbarku/5de433868407afe6c6a2d35aa5392a2a,2026-08-28,Reference seed; verify official spelling/category/capital/code against GNHR/GSS before canonical publication.
gh-district-eastern-akyemansa,gh-region-eastern,Eastern,Akyemansa,UNSPECIFIED,,,ACTIVE,SEED_NEEDS_CANONICAL_RECONCILIATION,https://gist.github.com/allanphilipbarku/5de433868407afe6c6a2d35aa5392a2a,2026-08-28,Reference seed; verify official spelling/category/capital/code against GNHR/GSS before canonical publication.
gh-district-eastern-asene-manso-akroso,gh-region-eastern,Eastern,Asene Manso Akroso,UNSPECIFIED,,,ACTIVE,SEED_NEEDS_CANONICAL_RECONCILIATION,https://gist.github.com/allanphilipbarku/5de433868407afe6c6a2d35aa5392a2a,2026-08-28,Reference seed; verify official spelling/category/capital/code against GNHR/GSS before canonical publication.
gh-district-eastern-asuogyaman,gh-region-eastern,Eastern,Asuogyaman,UNSPECIFIED,,,ACTIVE,SEED_NEEDS_CANONICAL_RECONCILIATION,https://gist.github.com/allanphilipbarku/5de433868407afe6c6a2d35aa5392a2a,2026-08-28,Reference seed; verify official spelling/category/capital/code against GNHR/GSS before canonical publication.
gh-district-eastern-atiwa-east,gh-region-eastern,Eastern,Atiwa East,UNSPECIFIED,,,ACTIVE,SEED_NEEDS_CANONICAL_RECONCILIATION,https://gist.github.com/allanphilipbarku/5de433868407afe6c6a2d35aa5392a2a,2026-08-28,Reference seed; verify official spelling/category/capital/code against GNHR/GSS before canonical publication.
gh-district-eastern-atiwa-west,gh-region-eastern,Eastern,Atiwa West,UNSPECIFIED,,,ACTIVE,SEED_NEEDS_CANONICAL_RECONCILIATION,https://gist.github.com/allanphilipbarku/5de433868407afe6c6a2d35aa5392a2a,2026-08-28,Reference seed; verify official spelling/category/capital/code against GNHR/GSS before canonical publication.
gh-district-eastern-ayensuano,gh-region-eastern,Eastern,Ayensuano,UNSPECIFIED,,,ACTIVE,SEED_NEEDS_CANONICAL_RECONCILIATION,https://gist.github.com/allanphilipbarku/5de433868407afe6c6a2d35aa5392a2a,2026-08-28,Reference seed; verify official spelling/category/capital/code against GNHR/GSS before canonical publication.
gh-district-eastern-birim-central-municipal,gh-region-eastern,Eastern,Birim Central Municipal,MUNICIPAL,,,ACTIVE,SEED_NEEDS_CANONICAL_RECONCILIATION,https://gist.github.com/allanphilipbarku/5de433868407afe6c6a2d35aa5392a2a,2026-08-28,Reference seed; verify official spelling/category/capital/code against GNHR/GSS before canonical publication.
gh-district-eastern-birim-north,gh-region-eastern,Eastern,Birim North,UNSPECIFIED,,,ACTIVE,SEED_NEEDS_CANONICAL_RECONCILIATION,https://gist.github.com/allanphilipbarku/5de433868407afe6c6a2d35aa5392a2a,2026-08-28,Reference seed; verify official spelling/category/capital/code against GNHR/GSS before canonical publication.
gh-district-eastern-birim-south,gh-region-eastern,Eastern,Birim South,UNSPECIFIED,,,ACTIVE,SEED_NEEDS_CANONICAL_RECONCILIATION,https://gist.github.com/allanphilipbarku/5de433868407afe6c6a2d35aa5392a2a,2026-08-28,Reference seed; verify official spelling/category/capital/code against GNHR/GSS before canonical publication.
gh-district-eastern-denkyembour,gh-region-eastern,Eastern,Denkyembour,UNSPECIFIED,,,ACTIVE,SEED_NEEDS_CANONICAL_RECONCILIATION,https://gist.github.com/allanphilipbarku/5de433868407afe6c6a2d35aa5392a2a,2026-08-28,Reference seed; verify official spelling/category/capital/code against GNHR/GSS before canonical publication.
gh-district-eastern-fanteakwa-north,gh-region-eastern,Eastern,Fanteakwa North,UNSPECIFIED,,,ACTIVE,SEED_NEEDS_CANONICAL_RECONCILIATION,https://gist.github.com/allanphilipbarku/5de433868407afe6c6a2d35aa5392a2a,2026-08-28,Reference seed; verify official spelling/category/capital/code against GNHR/GSS before canonical publication.
gh-district-eastern-fanteakwa-south,gh-region-eastern,Eastern,Fanteakwa South,UNSPECIFIED,,,ACTIVE,SEED_NEEDS_CANONICAL_RECONCILIATION,https://gist.github.com/allanphilipbarku/5de433868407afe6c6a2d35aa5392a2a,2026-08-28,Reference seed; verify official spelling/category/capital/code against GNHR/GSS before canonical publication.
gh-district-eastern-kwaebibirem-municipal,gh-region-eastern,Eastern,Kwaebibirem Municipal,MUNICIPAL,,,ACTIVE,SEED_NEEDS_CANONICAL_RECONCILIATION,https://gist.github.com/allanphilipbarku/5de433868407afe6c6a2d35aa5392a2a,2026-08-28,Reference seed; verify official spelling/category/capital/code against GNHR/GSS before canonical publication.
gh-district-eastern-kwahu-afram-plains-north,gh-region-eastern,Eastern,Kwahu Afram Plains North,UNSPECIFIED,,,ACTIVE,SEED_NEEDS_CANONICAL_RECONCILIATION,https://gist.github.com/allanphilipbarku/5de433868407afe6c6a2d35aa5392a2a,2026-08-28,Reference seed; verify official spelling/category/capital/code against GNHR/GSS before canonical publication.
gh-district-eastern-kwahu-afram-plains-south,gh-region-eastern,Eastern,Kwahu Afram Plains South,UNSPECIFIED,,,ACTIVE,SEED_NEEDS_CANONICAL_RECONCILIATION,https://gist.github.com/allanphilipbarku/5de433868407afe6c6a2d35aa5392a2a,2026-08-28,Reference seed; verify official spelling/category/capital/code against GNHR/GSS before canonical publication.
gh-district-eastern-kwahu-east,gh-region-eastern,Eastern,Kwahu East,UNSPECIFIED,,,ACTIVE,SEED_NEEDS_CANONICAL_RECONCILIATION,https://gist.github.com/allanphilipbarku/5de433868407afe6c6a2d35aa5392a2a,2026-08-28,Reference seed; verify official spelling/category/capital/code against GNHR/GSS before canonical publication.
gh-district-eastern-kwahu-south,gh-region-eastern,Eastern,Kwahu South,UNSPECIFIED,,,ACTIVE,SEED_NEEDS_CANONICAL_RECONCILIATION,https://gist.github.com/allanphilipbarku/5de433868407afe6c6a2d35aa5392a2a,2026-08-28,Reference seed; verify official spelling/category/capital/code against GNHR/GSS before canonical publication.
gh-district-eastern-kwahu-west-municipal,gh-region-eastern,Eastern,Kwahu West Municipal,MUNICIPAL,,,ACTIVE,SEED_NEEDS_CANONICAL_RECONCILIATION,https://gist.github.com/allanphilipbarku/5de433868407afe6c6a2d35aa5392a2a,2026-08-28,Reference seed; verify official spelling/category/capital/code against GNHR/GSS before canonical publication.
gh-district-eastern-lower-manya-krobo-municipal,gh-region-eastern,Eastern,Lower Manya Krobo Municipal,MUNICIPAL,,,ACTIVE,SEED_NEEDS_CANONICAL_RECONCILIATION,https://gist.github.com/allanphilipbarku/5de433868407afe6c6a2d35aa5392a2a,2026-08-28,Reference seed; verify official spelling/category/capital/code against GNHR/GSS before canonical publication.
gh-district-eastern-new-juaben-north-municipal,gh-region-eastern,Eastern,New Juaben North Municipal,MUNICIPAL,,,ACTIVE,SEED_NEEDS_CANONICAL_RECONCILIATION,https://gist.github.com/allanphilipbarku/5de433868407afe6c6a2d35aa5392a2a,2026-08-28,Reference seed; verify official spelling/category/capital/code against GNHR/GSS before canonical publication.
gh-district-eastern-new-juaben-south-municipal,gh-region-eastern,Eastern,New Juaben South Municipal,MUNICIPAL,,,ACTIVE,SEED_NEEDS_CANONICAL_RECONCILIATION,https://gist.github.com/allanphilipbarku/5de433868407afe6c6a2d35aa5392a2a,2026-08-28,Reference seed; verify official spelling/category/capital/code against GNHR/GSS before canonical publication.
gh-district-eastern-nsawam-adoagyire-municipal,gh-region-eastern,Eastern,Nsawam Adoagyire Municipal,MUNICIPAL,,,ACTIVE,SEED_NEEDS_CANONICAL_RECONCILIATION,https://gist.github.com/allanphilipbarku/5de433868407afe6c6a2d35aa5392a2a,2026-08-28,Reference seed; verify official spelling/category/capital/code against GNHR/GSS before canonical publication.
gh-district-eastern-okere,gh-region-eastern,Eastern,Okere,UNSPECIFIED,,,ACTIVE,SEED_NEEDS_CANONICAL_RECONCILIATION,https://gist.github.com/allanphilipbarku/5de433868407afe6c6a2d35aa5392a2a,2026-08-28,Reference seed; verify official spelling/category/capital/code against GNHR/GSS before canonical publication.
gh-district-eastern-suhum-municipal,gh-region-eastern,Eastern,Suhum Municipal,MUNICIPAL,,,ACTIVE,SEED_NEEDS_CANONICAL_RECONCILIATION,https://gist.github.com/allanphilipbarku/5de433868407afe6c6a2d35aa5392a2a,2026-08-28,Reference seed; verify official spelling/category/capital/code against GNHR/GSS before canonical publication.
gh-district-eastern-upper-manya-krobo,gh-region-eastern,Eastern,Upper Manya Krobo,UNSPECIFIED,,,ACTIVE,SEED_NEEDS_CANONICAL_RECONCILIATION,https://gist.github.com/allanphilipbarku/5de433868407afe6c6a2d35aa5392a2a,2026-08-28,Reference seed; verify official spelling/category/capital/code against GNHR/GSS before canonical publication.
gh-district-eastern-upper-west-akim,gh-region-eastern,Eastern,Upper West Akim,UNSPECIFIED,,,ACTIVE,SEED_NEEDS_CANONICAL_RECONCILIATION,https://gist.github.com/allanphilipbarku/5de433868407afe6c6a2d35aa5392a2a,2026-08-28,Reference seed; verify official spelling/category/capital/code against GNHR/GSS before canonical publication.
gh-district-eastern-west-akim-municipal,gh-region-eastern,Eastern,West Akim Municipal,MUNICIPAL,,,ACTIVE,SEED_NEEDS_CANONICAL_RECONCILIATION,https://gist.github.com/allanphilipbarku/5de433868407afe6c6a2d35aa5392a2a,2026-08-28,Reference seed; verify official spelling/category/capital/code against GNHR/GSS before canonical publication.
gh-district-eastern-yilo-krobo-municipal,gh-region-eastern,Eastern,Yilo Krobo Municipal,MUNICIPAL,,,ACTIVE,SEED_NEEDS_CANONICAL_RECONCILIATION,https://gist.github.com/allanphilipbarku/5de433868407afe6c6a2d35aa5392a2a,2026-08-28,Reference seed; verify official spelling/category/capital/code against GNHR/GSS before canonical publication.
gh-district-greater-accra-ablekuma-central-municipal,gh-region-greater-accra,Greater Accra,Ablekuma Central Municipal,MUNICIPAL,,,ACTIVE,SEED_NEEDS_CANONICAL_RECONCILIATION,https://gist.github.com/allanphilipbarku/5de433868407afe6c6a2d35aa5392a2a,2026-08-28,Reference seed; verify official spelling/category/capital/code against GNHR/GSS before canonical publication.
gh-district-greater-accra-ablekuma-north-municipal,gh-region-greater-accra,Greater Accra,Ablekuma North Municipal,MUNICIPAL,,,ACTIVE,SEED_NEEDS_CANONICAL_RECONCILIATION,https://gist.github.com/allanphilipbarku/5de433868407afe6c6a2d35aa5392a2a,2026-08-28,Reference seed; verify official spelling/category/capital/code against GNHR/GSS before canonical publication.
gh-district-greater-accra-ablekuma-west-municipal,gh-region-greater-accra,Greater Accra,Ablekuma West Municipal,MUNICIPAL,,,ACTIVE,SEED_NEEDS_CANONICAL_RECONCILIATION,https://gist.github.com/allanphilipbarku/5de433868407afe6c6a2d35aa5392a2a,2026-08-28,Reference seed; verify official spelling/category/capital/code against GNHR/GSS before canonical publication.
gh-district-greater-accra-accra-metropolitan,gh-region-greater-accra,Greater Accra,Accra Metropolitan,METROPOLITAN,,,ACTIVE,SEED_NEEDS_CANONICAL_RECONCILIATION,https://gist.github.com/allanphilipbarku/5de433868407afe6c6a2d35aa5392a2a,2026-08-28,Reference seed; verify official spelling/category/capital/code against GNHR/GSS before canonical publication.
gh-district-greater-accra-ada-east,gh-region-greater-accra,Greater Accra,Ada East,UNSPECIFIED,,,ACTIVE,SEED_NEEDS_CANONICAL_RECONCILIATION,https://gist.github.com/allanphilipbarku/5de433868407afe6c6a2d35aa5392a2a,2026-08-28,Reference seed; verify official spelling/category/capital/code against GNHR/GSS before canonical publication.
gh-district-greater-accra-ada-west,gh-region-greater-accra,Greater Accra,Ada West,UNSPECIFIED,,,ACTIVE,SEED_NEEDS_CANONICAL_RECONCILIATION,https://gist.github.com/allanphilipbarku/5de433868407afe6c6a2d35aa5392a2a,2026-08-28,Reference seed; verify official spelling/category/capital/code against GNHR/GSS before canonical publication.
gh-district-greater-accra-adenta-municipal,gh-region-greater-accra,Greater Accra,Adenta Municipal,MUNICIPAL,,,ACTIVE,SEED_NEEDS_CANONICAL_RECONCILIATION,https://gist.github.com/allanphilipbarku/5de433868407afe6c6a2d35aa5392a2a,2026-08-28,Reference seed; verify official spelling/category/capital/code against GNHR/GSS before canonical publication.
gh-district-greater-accra-ashaiman-municipal,gh-region-greater-accra,Greater Accra,Ashaiman Municipal,MUNICIPAL,,,ACTIVE,SEED_NEEDS_CANONICAL_RECONCILIATION,https://gist.github.com/allanphilipbarku/5de433868407afe6c6a2d35aa5392a2a,2026-08-28,Reference seed; verify official spelling/category/capital/code against GNHR/GSS before canonical publication.
gh-district-greater-accra-ayawaso-central-municipal,gh-region-greater-accra,Greater Accra,Ayawaso Central Municipal,MUNICIPAL,,,ACTIVE,SEED_NEEDS_CANONICAL_RECONCILIATION,https://gist.github.com/allanphilipbarku/5de433868407afe6c6a2d35aa5392a2a,2026-08-28,Reference seed; verify official spelling/category/capital/code against GNHR/GSS before canonical publication.
gh-district-greater-accra-ayawaso-east-municipal,gh-region-greater-accra,Greater Accra,Ayawaso East Municipal,MUNICIPAL,,,ACTIVE,SEED_NEEDS_CANONICAL_RECONCILIATION,https://gist.github.com/allanphilipbarku/5de433868407afe6c6a2d35aa5392a2a,2026-08-28,Reference seed; verify official spelling/category/capital/code against GNHR/GSS before canonical publication.
gh-district-greater-accra-ayawaso-north-municipal,gh-region-greater-accra,Greater Accra,Ayawaso North Municipal,MUNICIPAL,,,ACTIVE,SEED_NEEDS_CANONICAL_RECONCILIATION,https://gist.github.com/allanphilipbarku/5de433868407afe6c6a2d35aa5392a2a,2026-08-28,Reference seed; verify official spelling/category/capital/code against GNHR/GSS before canonical publication.
gh-district-greater-accra-ayawaso-west-municipal,gh-region-greater-accra,Greater Accra,Ayawaso West Municipal,MUNICIPAL,,,ACTIVE,SEED_NEEDS_CANONICAL_RECONCILIATION,https://gist.github.com/allanphilipbarku/5de433868407afe6c6a2d35aa5392a2a,2026-08-28,Reference seed; verify official spelling/category/capital/code against GNHR/GSS before canonical publication.
gh-district-greater-accra-ga-central-municipal,gh-region-greater-accra,Greater Accra,Ga Central Municipal,MUNICIPAL,,,ACTIVE,SEED_NEEDS_CANONICAL_RECONCILIATION,https://gist.github.com/allanphilipbarku/5de433868407afe6c6a2d35aa5392a2a,2026-08-28,Reference seed; verify official spelling/category/capital/code against GNHR/GSS before canonical publication.
gh-district-greater-accra-ga-east-municipal,gh-region-greater-accra,Greater Accra,Ga East Municipal,MUNICIPAL,,,ACTIVE,SEED_NEEDS_CANONICAL_RECONCILIATION,https://gist.github.com/allanphilipbarku/5de433868407afe6c6a2d35aa5392a2a,2026-08-28,Reference seed; verify official spelling/category/capital/code against GNHR/GSS before canonical publication.
gh-district-greater-accra-ga-north-municipal,gh-region-greater-accra,Greater Accra,Ga North Municipal,MUNICIPAL,,,ACTIVE,SEED_NEEDS_CANONICAL_RECONCILIATION,https://gist.github.com/allanphilipbarku/5de433868407afe6c6a2d35aa5392a2a,2026-08-28,Reference seed; verify official spelling/category/capital/code against GNHR/GSS before canonical publication.
gh-district-greater-accra-ga-south-municipal,gh-region-greater-accra,Greater Accra,Ga South Municipal,MUNICIPAL,,,ACTIVE,SEED_NEEDS_CANONICAL_RECONCILIATION,https://gist.github.com/allanphilipbarku/5de433868407afe6c6a2d35aa5392a2a,2026-08-28,Reference seed; verify official spelling/category/capital/code against GNHR/GSS before canonical publication.
gh-district-greater-accra-ga-west-municipal,gh-region-greater-accra,Greater Accra,Ga West Municipal,MUNICIPAL,,,ACTIVE,SEED_NEEDS_CANONICAL_RECONCILIATION,https://gist.github.com/allanphilipbarku/5de433868407afe6c6a2d35aa5392a2a,2026-08-28,Reference seed; verify official spelling/category/capital/code against GNHR/GSS before canonical publication.
gh-district-greater-accra-korle-klottey-municipal,gh-region-greater-accra,Greater Accra,Korle Klottey Municipal,MUNICIPAL,,,ACTIVE,SEED_NEEDS_CANONICAL_RECONCILIATION,https://gist.github.com/allanphilipbarku/5de433868407afe6c6a2d35aa5392a2a,2026-08-28,Reference seed; verify official spelling/category/capital/code against GNHR/GSS before canonical publication.
gh-district-greater-accra-kpone-katamanso-municipal,gh-region-greater-accra,Greater Accra,Kpone Katamanso Municipal,MUNICIPAL,,,ACTIVE,SEED_NEEDS_CANONICAL_RECONCILIATION,https://gist.github.com/allanphilipbarku/5de433868407afe6c6a2d35aa5392a2a,2026-08-28,Reference seed; verify official spelling/category/capital/code against GNHR/GSS before canonical publication.
gh-district-greater-accra-krowor-municipal,gh-region-greater-accra,Greater Accra,Krowor Municipal,MUNICIPAL,,,ACTIVE,SEED_NEEDS_CANONICAL_RECONCILIATION,https://gist.github.com/allanphilipbarku/5de433868407afe6c6a2d35aa5392a2a,2026-08-28,Reference seed; verify official spelling/category/capital/code against GNHR/GSS before canonical publication.
gh-district-greater-accra-la-dade-kotopon-municipal,gh-region-greater-accra,Greater Accra,La Dade Kotopon Municipal,MUNICIPAL,,,ACTIVE,SEED_NEEDS_CANONICAL_RECONCILIATION,https://gist.github.com/allanphilipbarku/5de433868407afe6c6a2d35aa5392a2a,2026-08-28,Reference seed; verify official spelling/category/capital/code against GNHR/GSS before canonical publication.
gh-district-greater-accra-la-nkwantanang-madina-municipal,gh-region-greater-accra,Greater Accra,La Nkwantanang Madina Municipal,MUNICIPAL,,,ACTIVE,SEED_NEEDS_CANONICAL_RECONCILIATION,https://gist.github.com/allanphilipbarku/5de433868407afe6c6a2d35aa5392a2a,2026-08-28,Reference seed; verify official spelling/category/capital/code against GNHR/GSS before canonical publication.
gh-district-greater-accra-ledzokuku-municipal,gh-region-greater-accra,Greater Accra,Ledzokuku Municipal,MUNICIPAL,,,ACTIVE,SEED_NEEDS_CANONICAL_RECONCILIATION,https://gist.github.com/allanphilipbarku/5de433868407afe6c6a2d35aa5392a2a,2026-08-28,Reference seed; verify official spelling/category/capital/code against GNHR/GSS before canonical publication.
gh-district-greater-accra-ningo-prampram,gh-region-greater-accra,Greater Accra,Ningo Prampram,UNSPECIFIED,,,ACTIVE,SEED_NEEDS_CANONICAL_RECONCILIATION,https://gist.github.com/allanphilipbarku/5de433868407afe6c6a2d35aa5392a2a,2026-08-28,Reference seed; verify official spelling/category/capital/code against GNHR/GSS before canonical publication.
gh-district-greater-accra-okaikwei-north-municipal,gh-region-greater-accra,Greater Accra,Okaikwei North Municipal,MUNICIPAL,,,ACTIVE,SEED_NEEDS_CANONICAL_RECONCILIATION,https://gist.github.com/allanphilipbarku/5de433868407afe6c6a2d35aa5392a2a,2026-08-28,Reference seed; verify official spelling/category/capital/code against GNHR/GSS before canonical publication.
gh-district-greater-accra-shai-osudoku,gh-region-greater-accra,Greater Accra,Shai Osudoku,UNSPECIFIED,,,ACTIVE,SEED_NEEDS_CANONICAL_RECONCILIATION,https://gist.github.com/allanphilipbarku/5de433868407afe6c6a2d35aa5392a2a,2026-08-28,Reference seed; verify official spelling/category/capital/code against GNHR/GSS before canonical publication.
gh-district-greater-accra-tema-metropolitan,gh-region-greater-accra,Greater Accra,Tema Metropolitan,METROPOLITAN,,,ACTIVE,SEED_NEEDS_CANONICAL_RECONCILIATION,https://gist.github.com/allanphilipbarku/5de433868407afe6c6a2d35aa5392a2a,2026-08-28,Reference seed; verify official spelling/category/capital/code against GNHR/GSS before canonical publication.
gh-district-greater-accra-tema-west-municipal,gh-region-greater-accra,Greater Accra,Tema West Municipal,MUNICIPAL,,,ACTIVE,SEED_NEEDS_CANONICAL_RECONCILIATION,https://gist.github.com/allanphilipbarku/5de433868407afe6c6a2d35aa5392a2a,2026-08-28,Reference seed; verify official spelling/category/capital/code against GNHR/GSS before canonical publication.
gh-district-greater-accra-weija-gbawe-municipal,gh-region-greater-accra,Greater Accra,Weija Gbawe Municipal,MUNICIPAL,,,ACTIVE,SEED_NEEDS_CANONICAL_RECONCILIATION,https://gist.github.com/allanphilipbarku/5de433868407afe6c6a2d35aa5392a2a,2026-08-28,Reference seed; verify official spelling/category/capital/code against GNHR/GSS before canonical publication.
gh-district-north-east-bunkpurugu-nyankpanduri,gh-region-north-east,North East,Bunkpurugu-Nyankpanduri,UNSPECIFIED,,,ACTIVE,SEED_NEEDS_CANONICAL_RECONCILIATION,https://gist.github.com/allanphilipbarku/5de433868407afe6c6a2d35aa5392a2a,2026-08-28,Reference seed; verify official spelling/category/capital/code against GNHR/GSS before canonical publication.
gh-district-north-east-chereponi,gh-region-north-east,North East,Chereponi,UNSPECIFIED,,,ACTIVE,SEED_NEEDS_CANONICAL_RECONCILIATION,https://gist.github.com/allanphilipbarku/5de433868407afe6c6a2d35aa5392a2a,2026-08-28,Reference seed; verify official spelling/category/capital/code against GNHR/GSS before canonical publication.
gh-district-north-east-east-mamprusi,gh-region-north-east,North East,East Mamprusi,UNSPECIFIED,,,ACTIVE,SEED_NEEDS_CANONICAL_RECONCILIATION,https://gist.github.com/allanphilipbarku/5de433868407afe6c6a2d35aa5392a2a,2026-08-28,Reference seed; verify official spelling/category/capital/code against GNHR/GSS before canonical publication.
gh-district-north-east-mamprugu-moagduri,gh-region-north-east,North East,Mamprugu-Moagduri,UNSPECIFIED,,,ACTIVE,SEED_NEEDS_CANONICAL_RECONCILIATION,https://gist.github.com/allanphilipbarku/5de433868407afe6c6a2d35aa5392a2a,2026-08-28,Reference seed; verify official spelling/category/capital/code against GNHR/GSS before canonical publication.
gh-district-north-east-west-mamprusi,gh-region-north-east,North East,West Mamprusi,UNSPECIFIED,,,ACTIVE,SEED_NEEDS_CANONICAL_RECONCILIATION,https://gist.github.com/allanphilipbarku/5de433868407afe6c6a2d35aa5392a2a,2026-08-28,Reference seed; verify official spelling/category/capital/code against GNHR/GSS before canonical publication.
gh-district-north-east-yunyoo-nasuan,gh-region-north-east,North East,Yunyoo-Nasuan,UNSPECIFIED,,,ACTIVE,SEED_NEEDS_CANONICAL_RECONCILIATION,https://gist.github.com/allanphilipbarku/5de433868407afe6c6a2d35aa5392a2a,2026-08-28,Reference seed; verify official spelling/category/capital/code against GNHR/GSS before canonical publication.
gh-district-northern-gushegu-district,gh-region-northern,Northern,Gushegu District,DISTRICT,,,ACTIVE,SEED_NEEDS_CANONICAL_RECONCILIATION,https://gist.github.com/allanphilipbarku/5de433868407afe6c6a2d35aa5392a2a,2026-08-28,Reference seed; verify official spelling/category/capital/code against GNHR/GSS before canonical publication.
gh-district-northern-karaga-district,gh-region-northern,Northern,Karaga District,DISTRICT,,,ACTIVE,SEED_NEEDS_CANONICAL_RECONCILIATION,https://gist.github.com/allanphilipbarku/5de433868407afe6c6a2d35aa5392a2a,2026-08-28,Reference seed; verify official spelling/category/capital/code against GNHR/GSS before canonical publication.
gh-district-northern-kpandai-district,gh-region-northern,Northern,Kpandai District,DISTRICT,,,ACTIVE,SEED_NEEDS_CANONICAL_RECONCILIATION,https://gist.github.com/allanphilipbarku/5de433868407afe6c6a2d35aa5392a2a,2026-08-28,Reference seed; verify official spelling/category/capital/code against GNHR/GSS before canonical publication.
gh-district-northern-kumbungu-district,gh-region-northern,Northern,Kumbungu District,DISTRICT,,,ACTIVE,SEED_NEEDS_CANONICAL_RECONCILIATION,https://gist.github.com/allanphilipbarku/5de433868407afe6c6a2d35aa5392a2a,2026-08-28,Reference seed; verify official spelling/category/capital/code against GNHR/GSS before canonical publication.
gh-district-northern-mion,gh-region-northern,Northern,Mion,UNSPECIFIED,,,ACTIVE,SEED_NEEDS_CANONICAL_RECONCILIATION,https://gist.github.com/allanphilipbarku/5de433868407afe6c6a2d35aa5392a2a,2026-08-28,Reference seed; verify official spelling/category/capital/code against GNHR/GSS before canonical publication.
gh-district-northern-nanton,gh-region-northern,Northern,Nanton,UNSPECIFIED,,,ACTIVE,SEED_NEEDS_CANONICAL_RECONCILIATION,https://gist.github.com/allanphilipbarku/5de433868407afe6c6a2d35aa5392a2a,2026-08-28,Reference seed; verify official spelling/category/capital/code against GNHR/GSS before canonical publication.
gh-district-northern-nanumba-north,gh-region-northern,Northern,Nanumba North,UNSPECIFIED,,,ACTIVE,SEED_NEEDS_CANONICAL_RECONCILIATION,https://gist.github.com/allanphilipbarku/5de433868407afe6c6a2d35aa5392a2a,2026-08-28,Reference seed; verify official spelling/category/capital/code against GNHR/GSS before canonical publication.
gh-district-northern-nanumba-south,gh-region-northern,Northern,Nanumba South,UNSPECIFIED,,,ACTIVE,SEED_NEEDS_CANONICAL_RECONCILIATION,https://gist.github.com/allanphilipbarku/5de433868407afe6c6a2d35aa5392a2a,2026-08-28,Reference seed; verify official spelling/category/capital/code against GNHR/GSS before canonical publication.
gh-district-northern-saboba,gh-region-northern,Northern,Saboba,UNSPECIFIED,,,ACTIVE,SEED_NEEDS_CANONICAL_RECONCILIATION,https://gist.github.com/allanphilipbarku/5de433868407afe6c6a2d35aa5392a2a,2026-08-28,Reference seed; verify official spelling/category/capital/code against GNHR/GSS before canonical publication.
gh-district-northern-sagnarigu,gh-region-northern,Northern,Sagnarigu,UNSPECIFIED,,,ACTIVE,SEED_NEEDS_CANONICAL_RECONCILIATION,https://gist.github.com/allanphilipbarku/5de433868407afe6c6a2d35aa5392a2a,2026-08-28,Reference seed; verify official spelling/category/capital/code against GNHR/GSS before canonical publication.
gh-district-northern-savelugu,gh-region-northern,Northern,Savelugu,UNSPECIFIED,,,ACTIVE,SEED_NEEDS_CANONICAL_RECONCILIATION,https://gist.github.com/allanphilipbarku/5de433868407afe6c6a2d35aa5392a2a,2026-08-28,Reference seed; verify official spelling/category/capital/code against GNHR/GSS before canonical publication.
gh-district-northern-tamale-metropolitan,gh-region-northern,Northern,Tamale Metropolitan,METROPOLITAN,,,ACTIVE,SEED_NEEDS_CANONICAL_RECONCILIATION,https://gist.github.com/allanphilipbarku/5de433868407afe6c6a2d35aa5392a2a,2026-08-28,Reference seed; verify official spelling/category/capital/code against GNHR/GSS before canonical publication.
gh-district-northern-tatale-sangule,gh-region-northern,Northern,Tatale Sangule,UNSPECIFIED,,,ACTIVE,SEED_NEEDS_CANONICAL_RECONCILIATION,https://gist.github.com/allanphilipbarku/5de433868407afe6c6a2d35aa5392a2a,2026-08-28,Reference seed; verify official spelling/category/capital/code against GNHR/GSS before canonical publication.
gh-district-northern-tolon,gh-region-northern,Northern,Tolon,UNSPECIFIED,,,ACTIVE,SEED_NEEDS_CANONICAL_RECONCILIATION,https://gist.github.com/allanphilipbarku/5de433868407afe6c6a2d35aa5392a2a,2026-08-28,Reference seed; verify official spelling/category/capital/code against GNHR/GSS before canonical publication.
gh-district-northern-yendi-municipal-district,gh-region-northern,Northern,Yendi Municipal District,MUNICIPAL,,,ACTIVE,SEED_NEEDS_CANONICAL_RECONCILIATION,https://gist.github.com/allanphilipbarku/5de433868407afe6c6a2d35aa5392a2a,2026-08-28,Reference seed; verify official spelling/category/capital/code against GNHR/GSS before canonical publication.
gh-district-northern-zabzugu,gh-region-northern,Northern,Zabzugu,UNSPECIFIED,,,ACTIVE,SEED_NEEDS_CANONICAL_RECONCILIATION,https://gist.github.com/allanphilipbarku/5de433868407afe6c6a2d35aa5392a2a,2026-08-28,Reference seed; verify official spelling/category/capital/code against GNHR/GSS before canonical publication.
gh-district-oti-biakoye,gh-region-oti,Oti,Biakoye,UNSPECIFIED,,,ACTIVE,SEED_NEEDS_CANONICAL_RECONCILIATION,https://gist.github.com/allanphilipbarku/5de433868407afe6c6a2d35aa5392a2a,2026-08-28,Reference seed; verify official spelling/category/capital/code against GNHR/GSS before canonical publication.
gh-district-oti-jasikan,gh-region-oti,Oti,Jasikan,UNSPECIFIED,,,ACTIVE,SEED_NEEDS_CANONICAL_RECONCILIATION,https://gist.github.com/allanphilipbarku/5de433868407afe6c6a2d35aa5392a2a,2026-08-28,Reference seed; verify official spelling/category/capital/code against GNHR/GSS before canonical publication.
gh-district-oti-kadjebi,gh-region-oti,Oti,Kadjebi,UNSPECIFIED,,,ACTIVE,SEED_NEEDS_CANONICAL_RECONCILIATION,https://gist.github.com/allanphilipbarku/5de433868407afe6c6a2d35aa5392a2a,2026-08-28,Reference seed; verify official spelling/category/capital/code against GNHR/GSS before canonical publication.
gh-district-oti-krachi-east,gh-region-oti,Oti,Krachi East,UNSPECIFIED,,,ACTIVE,SEED_NEEDS_CANONICAL_RECONCILIATION,https://gist.github.com/allanphilipbarku/5de433868407afe6c6a2d35aa5392a2a,2026-08-28,Reference seed; verify official spelling/category/capital/code against GNHR/GSS before canonical publication.
gh-district-oti-krachi-nchumuru,gh-region-oti,Oti,Krachi Nchumuru,UNSPECIFIED,,,ACTIVE,SEED_NEEDS_CANONICAL_RECONCILIATION,https://gist.github.com/allanphilipbarku/5de433868407afe6c6a2d35aa5392a2a,2026-08-28,Reference seed; verify official spelling/category/capital/code against GNHR/GSS before canonical publication.
gh-district-oti-krachi-west,gh-region-oti,Oti,Krachi West,UNSPECIFIED,,,ACTIVE,SEED_NEEDS_CANONICAL_RECONCILIATION,https://gist.github.com/allanphilipbarku/5de433868407afe6c6a2d35aa5392a2a,2026-08-28,Reference seed; verify official spelling/category/capital/code against GNHR/GSS before canonical publication.
gh-district-oti-nkwanta-north,gh-region-oti,Oti,Nkwanta North,UNSPECIFIED,,,ACTIVE,SEED_NEEDS_CANONICAL_RECONCILIATION,https://gist.github.com/allanphilipbarku/5de433868407afe6c6a2d35aa5392a2a,2026-08-28,Reference seed; verify official spelling/category/capital/code against GNHR/GSS before canonical publication.
gh-district-oti-nkwanta-south,gh-region-oti,Oti,Nkwanta South,UNSPECIFIED,,,ACTIVE,SEED_NEEDS_CANONICAL_RECONCILIATION,https://gist.github.com/allanphilipbarku/5de433868407afe6c6a2d35aa5392a2a,2026-08-28,Reference seed; verify official spelling/category/capital/code against GNHR/GSS before canonical publication.
gh-district-oti-guan,gh-region-oti,Oti,Guan,UNSPECIFIED,,,ACTIVE,SEED_NEEDS_CANONICAL_RECONCILIATION,https://gist.github.com/allanphilipbarku/5de433868407afe6c6a2d35aa5392a2a,2026-08-28,Reference seed; verify official spelling/category/capital/code against GNHR/GSS before canonical publication.
gh-district-savannah-bole,gh-region-savannah,Savannah,Bole,UNSPECIFIED,,,ACTIVE,SEED_NEEDS_CANONICAL_RECONCILIATION,https://gist.github.com/allanphilipbarku/5de433868407afe6c6a2d35aa5392a2a,2026-08-28,Reference seed; verify official spelling/category/capital/code against GNHR/GSS before canonical publication.
gh-district-savannah-central-gonja,gh-region-savannah,Savannah,Central Gonja,UNSPECIFIED,,,ACTIVE,SEED_NEEDS_CANONICAL_RECONCILIATION,https://gist.github.com/allanphilipbarku/5de433868407afe6c6a2d35aa5392a2a,2026-08-28,Reference seed; verify official spelling/category/capital/code against GNHR/GSS before canonical publication.
gh-district-savannah-north-gonja,gh-region-savannah,Savannah,North Gonja,UNSPECIFIED,,,ACTIVE,SEED_NEEDS_CANONICAL_RECONCILIATION,https://gist.github.com/allanphilipbarku/5de433868407afe6c6a2d35aa5392a2a,2026-08-28,Reference seed; verify official spelling/category/capital/code against GNHR/GSS before canonical publication.
gh-district-savannah-east-gonja,gh-region-savannah,Savannah,East Gonja,UNSPECIFIED,,,ACTIVE,SEED_NEEDS_CANONICAL_RECONCILIATION,https://gist.github.com/allanphilipbarku/5de433868407afe6c6a2d35aa5392a2a,2026-08-28,Reference seed; verify official spelling/category/capital/code against GNHR/GSS before canonical publication.
gh-district-savannah-north-east-gonja,gh-region-savannah,Savannah,North East Gonja,UNSPECIFIED,,,ACTIVE,SEED_NEEDS_CANONICAL_RECONCILIATION,https://gist.github.com/allanphilipbarku/5de433868407afe6c6a2d35aa5392a2a,2026-08-28,Reference seed; verify official spelling/category/capital/code against GNHR/GSS before canonical publication.
gh-district-savannah-sawla-tuna-kalba,gh-region-savannah,Savannah,Sawla-Tuna-Kalba,UNSPECIFIED,,,ACTIVE,SEED_NEEDS_CANONICAL_RECONCILIATION,https://gist.github.com/allanphilipbarku/5de433868407afe6c6a2d35aa5392a2a,2026-08-28,Reference seed; verify official spelling/category/capital/code against GNHR/GSS before canonical publication.
gh-district-savannah-west-gonja,gh-region-savannah,Savannah,West Gonja,UNSPECIFIED,,,ACTIVE,SEED_NEEDS_CANONICAL_RECONCILIATION,https://gist.github.com/allanphilipbarku/5de433868407afe6c6a2d35aa5392a2a,2026-08-28,Reference seed; verify official spelling/category/capital/code against GNHR/GSS before canonical publication.
gh-district-upper-east-bawku,gh-region-upper-east,Upper East,Bawku,UNSPECIFIED,,,ACTIVE,SEED_NEEDS_CANONICAL_RECONCILIATION,https://gist.github.com/allanphilipbarku/5de433868407afe6c6a2d35aa5392a2a,2026-08-28,Reference seed; verify official spelling/category/capital/code against GNHR/GSS before canonical publication.
gh-district-upper-east-bawku-west,gh-region-upper-east,Upper East,Bawku West,UNSPECIFIED,,,ACTIVE,SEED_NEEDS_CANONICAL_RECONCILIATION,https://gist.github.com/allanphilipbarku/5de433868407afe6c6a2d35aa5392a2a,2026-08-28,Reference seed; verify official spelling/category/capital/code against GNHR/GSS before canonical publication.
gh-district-upper-east-binduri,gh-region-upper-east,Upper East,Binduri,UNSPECIFIED,,,ACTIVE,SEED_NEEDS_CANONICAL_RECONCILIATION,https://gist.github.com/allanphilipbarku/5de433868407afe6c6a2d35aa5392a2a,2026-08-28,Reference seed; verify official spelling/category/capital/code against GNHR/GSS before canonical publication.
gh-district-upper-east-bolgatanga,gh-region-upper-east,Upper East,Bolgatanga,UNSPECIFIED,,,ACTIVE,SEED_NEEDS_CANONICAL_RECONCILIATION,https://gist.github.com/allanphilipbarku/5de433868407afe6c6a2d35aa5392a2a,2026-08-28,Reference seed; verify official spelling/category/capital/code against GNHR/GSS before canonical publication.
gh-district-upper-east-bolgatanga-east,gh-region-upper-east,Upper East,Bolgatanga East,UNSPECIFIED,,,ACTIVE,SEED_NEEDS_CANONICAL_RECONCILIATION,https://gist.github.com/allanphilipbarku/5de433868407afe6c6a2d35aa5392a2a,2026-08-28,Reference seed; verify official spelling/category/capital/code against GNHR/GSS before canonical publication.
gh-district-upper-east-bongo,gh-region-upper-east,Upper East,Bongo,UNSPECIFIED,,,ACTIVE,SEED_NEEDS_CANONICAL_RECONCILIATION,https://gist.github.com/allanphilipbarku/5de433868407afe6c6a2d35aa5392a2a,2026-08-28,Reference seed; verify official spelling/category/capital/code against GNHR/GSS before canonical publication.
gh-district-upper-east-builsa-north,gh-region-upper-east,Upper East,Builsa North,UNSPECIFIED,,,ACTIVE,SEED_NEEDS_CANONICAL_RECONCILIATION,https://gist.github.com/allanphilipbarku/5de433868407afe6c6a2d35aa5392a2a,2026-08-28,Reference seed; verify official spelling/category/capital/code against GNHR/GSS before canonical publication.
gh-district-upper-east-builsa-south,gh-region-upper-east,Upper East,Builsa South,UNSPECIFIED,,,ACTIVE,SEED_NEEDS_CANONICAL_RECONCILIATION,https://gist.github.com/allanphilipbarku/5de433868407afe6c6a2d35aa5392a2a,2026-08-28,Reference seed; verify official spelling/category/capital/code against GNHR/GSS before canonical publication.
gh-district-upper-east-garu,gh-region-upper-east,Upper East,Garu,UNSPECIFIED,,,ACTIVE,SEED_NEEDS_CANONICAL_RECONCILIATION,https://gist.github.com/allanphilipbarku/5de433868407afe6c6a2d35aa5392a2a,2026-08-28,Reference seed; verify official spelling/category/capital/code against GNHR/GSS before canonical publication.
gh-district-upper-east-kassena-nankana-east,gh-region-upper-east,Upper East,Kassena Nankana East,UNSPECIFIED,,,ACTIVE,SEED_NEEDS_CANONICAL_RECONCILIATION,https://gist.github.com/allanphilipbarku/5de433868407afe6c6a2d35aa5392a2a,2026-08-28,Reference seed; verify official spelling/category/capital/code against GNHR/GSS before canonical publication.
gh-district-upper-east-kassena-nankana-west,gh-region-upper-east,Upper East,Kassena-Nankana West,UNSPECIFIED,,,ACTIVE,SEED_NEEDS_CANONICAL_RECONCILIATION,https://gist.github.com/allanphilipbarku/5de433868407afe6c6a2d35aa5392a2a,2026-08-28,Reference seed; verify official spelling/category/capital/code against GNHR/GSS before canonical publication.
gh-district-upper-east-nabdam,gh-region-upper-east,Upper East,Nabdam,UNSPECIFIED,,,ACTIVE,SEED_NEEDS_CANONICAL_RECONCILIATION,https://gist.github.com/allanphilipbarku/5de433868407afe6c6a2d35aa5392a2a,2026-08-28,Reference seed; verify official spelling/category/capital/code against GNHR/GSS before canonical publication.
gh-district-upper-east-pusiga,gh-region-upper-east,Upper East,Pusiga,UNSPECIFIED,,,ACTIVE,SEED_NEEDS_CANONICAL_RECONCILIATION,https://gist.github.com/allanphilipbarku/5de433868407afe6c6a2d35aa5392a2a,2026-08-28,Reference seed; verify official spelling/category/capital/code against GNHR/GSS before canonical publication.
gh-district-upper-east-talensi,gh-region-upper-east,Upper East,Talensi,UNSPECIFIED,,,ACTIVE,SEED_NEEDS_CANONICAL_RECONCILIATION,https://gist.github.com/allanphilipbarku/5de433868407afe6c6a2d35aa5392a2a,2026-08-28,Reference seed; verify official spelling/category/capital/code against GNHR/GSS before canonical publication.
gh-district-upper-east-tempane,gh-region-upper-east,Upper East,Tempane,UNSPECIFIED,,,ACTIVE,SEED_NEEDS_CANONICAL_RECONCILIATION,https://gist.github.com/allanphilipbarku/5de433868407afe6c6a2d35aa5392a2a,2026-08-28,Reference seed; verify official spelling/category/capital/code against GNHR/GSS before canonical publication.
gh-district-upper-west-daffiama-bussie-issa,gh-region-upper-west,Upper West,Daffiama-Bussie-Issa,UNSPECIFIED,,,ACTIVE,SEED_NEEDS_CANONICAL_RECONCILIATION,https://gist.github.com/allanphilipbarku/5de433868407afe6c6a2d35aa5392a2a,2026-08-28,Reference seed; verify official spelling/category/capital/code against GNHR/GSS before canonical publication.
gh-district-upper-west-jirapa,gh-region-upper-west,Upper West,Jirapa,UNSPECIFIED,,,ACTIVE,SEED_NEEDS_CANONICAL_RECONCILIATION,https://gist.github.com/allanphilipbarku/5de433868407afe6c6a2d35aa5392a2a,2026-08-28,Reference seed; verify official spelling/category/capital/code against GNHR/GSS before canonical publication.
gh-district-upper-west-lambussie-karni,gh-region-upper-west,Upper West,Lambussie-Karni,UNSPECIFIED,,,ACTIVE,SEED_NEEDS_CANONICAL_RECONCILIATION,https://gist.github.com/allanphilipbarku/5de433868407afe6c6a2d35aa5392a2a,2026-08-28,Reference seed; verify official spelling/category/capital/code against GNHR/GSS before canonical publication.
gh-district-upper-west-lawra,gh-region-upper-west,Upper West,Lawra,UNSPECIFIED,,,ACTIVE,SEED_NEEDS_CANONICAL_RECONCILIATION,https://gist.github.com/allanphilipbarku/5de433868407afe6c6a2d35aa5392a2a,2026-08-28,Reference seed; verify official spelling/category/capital/code against GNHR/GSS before canonical publication.
gh-district-upper-west-nadowli-kaleo,gh-region-upper-west,Upper West,Nadowli-Kaleo,UNSPECIFIED,,,ACTIVE,SEED_NEEDS_CANONICAL_RECONCILIATION,https://gist.github.com/allanphilipbarku/5de433868407afe6c6a2d35aa5392a2a,2026-08-28,Reference seed; verify official spelling/category/capital/code against GNHR/GSS before canonical publication.
gh-district-upper-west-nandom,gh-region-upper-west,Upper West,Nandom,UNSPECIFIED,,,ACTIVE,SEED_NEEDS_CANONICAL_RECONCILIATION,https://gist.github.com/allanphilipbarku/5de433868407afe6c6a2d35aa5392a2a,2026-08-28,Reference seed; verify official spelling/category/capital/code against GNHR/GSS before canonical publication.
gh-district-upper-west-sissala-east,gh-region-upper-west,Upper West,Sissala East,UNSPECIFIED,,,ACTIVE,SEED_NEEDS_CANONICAL_RECONCILIATION,https://gist.github.com/allanphilipbarku/5de433868407afe6c6a2d35aa5392a2a,2026-08-28,Reference seed; verify official spelling/category/capital/code against GNHR/GSS before canonical publication.
gh-district-upper-west-sissala-west,gh-region-upper-west,Upper West,Sissala West,UNSPECIFIED,,,ACTIVE,SEED_NEEDS_CANONICAL_RECONCILIATION,https://gist.github.com/allanphilipbarku/5de433868407afe6c6a2d35aa5392a2a,2026-08-28,Reference seed; verify official spelling/category/capital/code against GNHR/GSS before canonical publication.
gh-district-upper-west-wa-east,gh-region-upper-west,Upper West,Wa East,UNSPECIFIED,,,ACTIVE,SEED_NEEDS_CANONICAL_RECONCILIATION,https://gist.github.com/allanphilipbarku/5de433868407afe6c6a2d35aa5392a2a,2026-08-28,Reference seed; verify official spelling/category/capital/code against GNHR/GSS before canonical publication.
gh-district-upper-west-wa-municipal,gh-region-upper-west,Upper West,Wa Municipal,MUNICIPAL,,,ACTIVE,SEED_NEEDS_CANONICAL_RECONCILIATION,https://gist.github.com/allanphilipbarku/5de433868407afe6c6a2d35aa5392a2a,2026-08-28,Reference seed; verify official spelling/category/capital/code against GNHR/GSS before canonical publication.
gh-district-upper-west-wa-west,gh-region-upper-west,Upper West,Wa West,UNSPECIFIED,,,ACTIVE,SEED_NEEDS_CANONICAL_RECONCILIATION,https://gist.github.com/allanphilipbarku/5de433868407afe6c6a2d35aa5392a2a,2026-08-28,Reference seed; verify official spelling/category/capital/code against GNHR/GSS before canonical publication.
gh-district-volta-adaklu,gh-region-volta,Volta,Adaklu,UNSPECIFIED,,,ACTIVE,SEED_NEEDS_CANONICAL_RECONCILIATION,https://gist.github.com/allanphilipbarku/5de433868407afe6c6a2d35aa5392a2a,2026-08-28,Reference seed; verify official spelling/category/capital/code against GNHR/GSS before canonical publication.
gh-district-volta-afadjato-south,gh-region-volta,Volta,Afadjato South,UNSPECIFIED,,,ACTIVE,SEED_NEEDS_CANONICAL_RECONCILIATION,https://gist.github.com/allanphilipbarku/5de433868407afe6c6a2d35aa5392a2a,2026-08-28,Reference seed; verify official spelling/category/capital/code against GNHR/GSS before canonical publication.
gh-district-volta-agotime-ziope,gh-region-volta,Volta,Agotime-Ziope,UNSPECIFIED,,,ACTIVE,SEED_NEEDS_CANONICAL_RECONCILIATION,https://gist.github.com/allanphilipbarku/5de433868407afe6c6a2d35aa5392a2a,2026-08-28,Reference seed; verify official spelling/category/capital/code against GNHR/GSS before canonical publication.
gh-district-volta-akatsi-north,gh-region-volta,Volta,Akatsi North,UNSPECIFIED,,,ACTIVE,SEED_NEEDS_CANONICAL_RECONCILIATION,https://gist.github.com/allanphilipbarku/5de433868407afe6c6a2d35aa5392a2a,2026-08-28,Reference seed; verify official spelling/category/capital/code against GNHR/GSS before canonical publication.
gh-district-volta-akatsi-south,gh-region-volta,Volta,Akatsi South,UNSPECIFIED,,,ACTIVE,SEED_NEEDS_CANONICAL_RECONCILIATION,https://gist.github.com/allanphilipbarku/5de433868407afe6c6a2d35aa5392a2a,2026-08-28,Reference seed; verify official spelling/category/capital/code against GNHR/GSS before canonical publication.
gh-district-volta-anloga,gh-region-volta,Volta,Anloga,UNSPECIFIED,,,ACTIVE,SEED_NEEDS_CANONICAL_RECONCILIATION,https://gist.github.com/allanphilipbarku/5de433868407afe6c6a2d35aa5392a2a,2026-08-28,Reference seed; verify official spelling/category/capital/code against GNHR/GSS before canonical publication.
gh-district-volta-central-tongu,gh-region-volta,Volta,Central Tongu,UNSPECIFIED,,,ACTIVE,SEED_NEEDS_CANONICAL_RECONCILIATION,https://gist.github.com/allanphilipbarku/5de433868407afe6c6a2d35aa5392a2a,2026-08-28,Reference seed; verify official spelling/category/capital/code against GNHR/GSS before canonical publication.
gh-district-volta-ho,gh-region-volta,Volta,Ho,UNSPECIFIED,,,ACTIVE,SEED_NEEDS_CANONICAL_RECONCILIATION,https://gist.github.com/allanphilipbarku/5de433868407afe6c6a2d35aa5392a2a,2026-08-28,Reference seed; verify official spelling/category/capital/code against GNHR/GSS before canonical publication.
gh-district-volta-ho-west,gh-region-volta,Volta,Ho West,UNSPECIFIED,,,ACTIVE,SEED_NEEDS_CANONICAL_RECONCILIATION,https://gist.github.com/allanphilipbarku/5de433868407afe6c6a2d35aa5392a2a,2026-08-28,Reference seed; verify official spelling/category/capital/code against GNHR/GSS before canonical publication.
gh-district-volta-hohoe,gh-region-volta,Volta,Hohoe,UNSPECIFIED,,,ACTIVE,SEED_NEEDS_CANONICAL_RECONCILIATION,https://gist.github.com/allanphilipbarku/5de433868407afe6c6a2d35aa5392a2a,2026-08-28,Reference seed; verify official spelling/category/capital/code against GNHR/GSS before canonical publication.
gh-district-volta-keta,gh-region-volta,Volta,Keta,UNSPECIFIED,,,ACTIVE,SEED_NEEDS_CANONICAL_RECONCILIATION,https://gist.github.com/allanphilipbarku/5de433868407afe6c6a2d35aa5392a2a,2026-08-28,Reference seed; verify official spelling/category/capital/code against GNHR/GSS before canonical publication.
gh-district-volta-ketu-north,gh-region-volta,Volta,Ketu North,UNSPECIFIED,,,ACTIVE,SEED_NEEDS_CANONICAL_RECONCILIATION,https://gist.github.com/allanphilipbarku/5de433868407afe6c6a2d35aa5392a2a,2026-08-28,Reference seed; verify official spelling/category/capital/code against GNHR/GSS before canonical publication.
gh-district-volta-ketu-south,gh-region-volta,Volta,Ketu South,UNSPECIFIED,,,ACTIVE,SEED_NEEDS_CANONICAL_RECONCILIATION,https://gist.github.com/allanphilipbarku/5de433868407afe6c6a2d35aa5392a2a,2026-08-28,Reference seed; verify official spelling/category/capital/code against GNHR/GSS before canonical publication.
gh-district-volta-kpando,gh-region-volta,Volta,Kpando,UNSPECIFIED,,,ACTIVE,SEED_NEEDS_CANONICAL_RECONCILIATION,https://gist.github.com/allanphilipbarku/5de433868407afe6c6a2d35aa5392a2a,2026-08-28,Reference seed; verify official spelling/category/capital/code against GNHR/GSS before canonical publication.
gh-district-volta-north-dayi,gh-region-volta,Volta,North Dayi,UNSPECIFIED,,,ACTIVE,SEED_NEEDS_CANONICAL_RECONCILIATION,https://gist.github.com/allanphilipbarku/5de433868407afe6c6a2d35aa5392a2a,2026-08-28,Reference seed; verify official spelling/category/capital/code against GNHR/GSS before canonical publication.
gh-district-volta-north-tongu,gh-region-volta,Volta,North Tongu,UNSPECIFIED,,,ACTIVE,SEED_NEEDS_CANONICAL_RECONCILIATION,https://gist.github.com/allanphilipbarku/5de433868407afe6c6a2d35aa5392a2a,2026-08-28,Reference seed; verify official spelling/category/capital/code against GNHR/GSS before canonical publication.
gh-district-volta-south-dayi,gh-region-volta,Volta,South Dayi,UNSPECIFIED,,,ACTIVE,SEED_NEEDS_CANONICAL_RECONCILIATION,https://gist.github.com/allanphilipbarku/5de433868407afe6c6a2d35aa5392a2a,2026-08-28,Reference seed; verify official spelling/category/capital/code against GNHR/GSS before canonical publication.
gh-district-volta-south-tongu,gh-region-volta,Volta,South Tongu,UNSPECIFIED,,,ACTIVE,SEED_NEEDS_CANONICAL_RECONCILIATION,https://gist.github.com/allanphilipbarku/5de433868407afe6c6a2d35aa5392a2a,2026-08-28,Reference seed; verify official spelling/category/capital/code against GNHR/GSS before canonical publication.
gh-district-western-ahanta-west,gh-region-western,Western,Ahanta West,UNSPECIFIED,,,ACTIVE,SEED_NEEDS_CANONICAL_RECONCILIATION,https://gist.github.com/allanphilipbarku/5de433868407afe6c6a2d35aa5392a2a,2026-08-28,Reference seed; verify official spelling/category/capital/code against GNHR/GSS before canonical publication.
gh-district-western-ellembelle,gh-region-western,Western,Ellembelle,UNSPECIFIED,,,ACTIVE,SEED_NEEDS_CANONICAL_RECONCILIATION,https://gist.github.com/allanphilipbarku/5de433868407afe6c6a2d35aa5392a2a,2026-08-28,Reference seed; verify official spelling/category/capital/code against GNHR/GSS before canonical publication.
gh-district-western-jomoro,gh-region-western,Western,Jomoro,UNSPECIFIED,,,ACTIVE,SEED_NEEDS_CANONICAL_RECONCILIATION,https://gist.github.com/allanphilipbarku/5de433868407afe6c6a2d35aa5392a2a,2026-08-28,Reference seed; verify official spelling/category/capital/code against GNHR/GSS before canonical publication.
gh-district-western-mpohor,gh-region-western,Western,Mpohor,UNSPECIFIED,,,ACTIVE,SEED_NEEDS_CANONICAL_RECONCILIATION,https://gist.github.com/allanphilipbarku/5de433868407afe6c6a2d35aa5392a2a,2026-08-28,Reference seed; verify official spelling/category/capital/code against GNHR/GSS before canonical publication.
gh-district-western-nzema-east,gh-region-western,Western,Nzema East,UNSPECIFIED,,,ACTIVE,SEED_NEEDS_CANONICAL_RECONCILIATION,https://gist.github.com/allanphilipbarku/5de433868407afe6c6a2d35aa5392a2a,2026-08-28,Reference seed; verify official spelling/category/capital/code against GNHR/GSS before canonical publication.
gh-district-western-prestea-huni-valley,gh-region-western,Western,Prestea-Huni Valley,UNSPECIFIED,,,ACTIVE,SEED_NEEDS_CANONICAL_RECONCILIATION,https://gist.github.com/allanphilipbarku/5de433868407afe6c6a2d35aa5392a2a,2026-08-28,Reference seed; verify official spelling/category/capital/code against GNHR/GSS before canonical publication.
gh-district-western-sekondi-takoradi,gh-region-western,Western,Sekondi-Takoradi,UNSPECIFIED,,,ACTIVE,SEED_NEEDS_CANONICAL_RECONCILIATION,https://gist.github.com/allanphilipbarku/5de433868407afe6c6a2d35aa5392a2a,2026-08-28,Reference seed; verify official spelling/category/capital/code against GNHR/GSS before canonical publication.
gh-district-western-effia-kwesimintsim,gh-region-western,Western,Effia-Kwesimintsim,UNSPECIFIED,,,ACTIVE,SEED_NEEDS_CANONICAL_RECONCILIATION,https://gist.github.com/allanphilipbarku/5de433868407afe6c6a2d35aa5392a2a,2026-08-28,Reference seed; verify official spelling/category/capital/code against GNHR/GSS before canonical publication.
gh-district-western-shama,gh-region-western,Western,Shama,UNSPECIFIED,,,ACTIVE,SEED_NEEDS_CANONICAL_RECONCILIATION,https://gist.github.com/allanphilipbarku/5de433868407afe6c6a2d35aa5392a2a,2026-08-28,Reference seed; verify official spelling/category/capital/code against GNHR/GSS before canonical publication.
gh-district-western-tarkwa-nsuaem,gh-region-western,Western,Tarkwa-Nsuaem,UNSPECIFIED,,,ACTIVE,SEED_NEEDS_CANONICAL_RECONCILIATION,https://gist.github.com/allanphilipbarku/5de433868407afe6c6a2d35aa5392a2a,2026-08-28,Reference seed; verify official spelling/category/capital/code against GNHR/GSS before canonical publication.
gh-district-western-wassa-amenfi-central,gh-region-western,Western,Wassa Amenfi Central,UNSPECIFIED,,,ACTIVE,SEED_NEEDS_CANONICAL_RECONCILIATION,https://gist.github.com/allanphilipbarku/5de433868407afe6c6a2d35aa5392a2a,2026-08-28,Reference seed; verify official spelling/category/capital/code against GNHR/GSS before canonical publication.
gh-district-western-wassa-amenfi-east,gh-region-western,Western,Wassa Amenfi East,UNSPECIFIED,,,ACTIVE,SEED_NEEDS_CANONICAL_RECONCILIATION,https://gist.github.com/allanphilipbarku/5de433868407afe6c6a2d35aa5392a2a,2026-08-28,Reference seed; verify official spelling/category/capital/code against GNHR/GSS before canonical publication.
gh-district-western-wassa-amenfi-west,gh-region-western,Western,Wassa Amenfi West,UNSPECIFIED,,,ACTIVE,SEED_NEEDS_CANONICAL_RECONCILIATION,https://gist.github.com/allanphilipbarku/5de433868407afe6c6a2d35aa5392a2a,2026-08-28,Reference seed; verify official spelling/category/capital/code against GNHR/GSS before canonical publication.
gh-district-western-wassa-east,gh-region-western,Western,Wassa East,UNSPECIFIED,,,ACTIVE,SEED_NEEDS_CANONICAL_RECONCILIATION,https://gist.github.com/allanphilipbarku/5de433868407afe6c6a2d35aa5392a2a,2026-08-28,Reference seed; verify official spelling/category/capital/code against GNHR/GSS before canonical publication.
gh-district-western-north-aowin,gh-region-western-north,Western North,Aowin,UNSPECIFIED,,,ACTIVE,SEED_NEEDS_CANONICAL_RECONCILIATION,https://gist.github.com/allanphilipbarku/5de433868407afe6c6a2d35aa5392a2a,2026-08-28,Reference seed; verify official spelling/category/capital/code against GNHR/GSS before canonical publication.
gh-district-western-north-bia-east,gh-region-western-north,Western North,Bia East,UNSPECIFIED,,,ACTIVE,SEED_NEEDS_CANONICAL_RECONCILIATION,https://gist.github.com/allanphilipbarku/5de433868407afe6c6a2d35aa5392a2a,2026-08-28,Reference seed; verify official spelling/category/capital/code against GNHR/GSS before canonical publication.
gh-district-western-north-bia-west,gh-region-western-north,Western North,Bia West,UNSPECIFIED,,,ACTIVE,SEED_NEEDS_CANONICAL_RECONCILIATION,https://gist.github.com/allanphilipbarku/5de433868407afe6c6a2d35aa5392a2a,2026-08-28,Reference seed; verify official spelling/category/capital/code against GNHR/GSS before canonical publication.
gh-district-western-north-bibiani-anhwiaso-bekwai,gh-region-western-north,Western North,Bibiani/Anhwiaso/Bekwai,UNSPECIFIED,,,ACTIVE,SEED_NEEDS_CANONICAL_RECONCILIATION,https://gist.github.com/allanphilipbarku/5de433868407afe6c6a2d35aa5392a2a,2026-08-28,Reference seed; verify official spelling/category/capital/code against GNHR/GSS before canonical publication.
gh-district-western-north-bodi,gh-region-western-north,Western North,Bodi,UNSPECIFIED,,,ACTIVE,SEED_NEEDS_CANONICAL_RECONCILIATION,https://gist.github.com/allanphilipbarku/5de433868407afe6c6a2d35aa5392a2a,2026-08-28,Reference seed; verify official spelling/category/capital/code against GNHR/GSS before canonical publication.
gh-district-western-north-juaboso,gh-region-western-north,Western North,Juaboso,UNSPECIFIED,,,ACTIVE,SEED_NEEDS_CANONICAL_RECONCILIATION,https://gist.github.com/allanphilipbarku/5de433868407afe6c6a2d35aa5392a2a,2026-08-28,Reference seed; verify official spelling/category/capital/code against GNHR/GSS before canonical publication.
gh-district-western-north-sefwi-akontombra,gh-region-western-north,Western North,Sefwi-Akontombra,UNSPECIFIED,,,ACTIVE,SEED_NEEDS_CANONICAL_RECONCILIATION,https://gist.github.com/allanphilipbarku/5de433868407afe6c6a2d35aa5392a2a,2026-08-28,Reference seed; verify official spelling/category/capital/code against GNHR/GSS before canonical publication.
gh-district-western-north-sefwi-wiawso,gh-region-western-north,Western North,Sefwi-Wiawso,UNSPECIFIED,,,ACTIVE,SEED_NEEDS_CANONICAL_RECONCILIATION,https://gist.github.com/allanphilipbarku/5de433868407afe6c6a2d35aa5392a2a,2026-08-28,Reference seed; verify official spelling/category/capital/code against GNHR/GSS before canonical publication.
gh-district-western-north-suaman,gh-region-western-north,Western North,Suaman,UNSPECIFIED,,,ACTIVE,SEED_NEEDS_CANONICAL_RECONCILIATION,https://gist.github.com/allanphilipbarku/5de433868407afe6c6a2d35aa5392a2a,2026-08-28,Reference seed; verify official spelling/category/capital/code against GNHR/GSS before canonical publication.
